acq_date,cell_id,cell_x,cell_y,xmin_m,ymin_m,xmax_m,ymax_m,cell_center_lon,cell_center_lat,current_hotspot_count,baseline_mode,baseline_n_preconflict,baseline_median_preconflict,baseline_mad_preconflict,baseline_n_seasonal,baseline_median_seasonal,baseline_mad_seasonal,baseline_median_combined,absolute_lift,robust_z_preconflict,robust_z_seasonal,anomaly_flag
2026-02-28,cell_2000m_1427_823,1427,823,2854000,1646000,2856000,1648000,29.589699101012574,13.019044658642919,9,hybrid,30,0,0,14,0,0,0,9,9,9,TRUE
2026-02-28,cell_2000m_1454_760,1454,760,2908000,1520000,2910000,1522000,30.149364162818063,12.007967069663078,4,hybrid,30,0,0,14,0,0,0,4,4,4,TRUE
2026-02-28,cell_2000m_1466_815,1466,815,2932000,1630000,2934000,1632000,30.398104190287174,12.890437527251198,4,hybrid,30,0,0,14,0,0,0,4,4,4,TRUE
2026-02-28,cell_2000m_1493_802,1493,802,2986000,1604000,2988000,1606000,30.957769252092664,12.681587863075867,4,hybrid,30,0,0,14,0,0,0,4,4,4,TRUE
2026-02-28,cell_2000m_1650_773,1650,773,3300000,1546000,3302000,1548000,34.212117944813485,12.216288967150243,4,hybrid,30,0,0,14,0,0,0,4,4,4,TRUE
2026-02-28,cell_2000m_1662_797,1662,797,3324000,1594000,3326000,1596000,34.4608579722826,12.60130565458545,5,hybrid,30,0,0,14,0,0,0,5,5,5,TRUE
2026-02-28,cell_2000m_1719_904,1719,904,3438000,1808000,3440000,1810000,35.64237310276086,14.324984395343494,4,hybrid,30,0,0,14,0,0,0,4,4,4,TRUE
2026-02-28,cell_2000m_2279_1922,2279,1922,4558000,3844000,4560000,3846000,47.2502410513192,31.69422372518788,5,hybrid,30,1.5,0.5,14,1.5,0.5,1.5,3.5,3.5,3.5,TRUE
2026-02-28,cell_2000m_2318_1893,2318,1893,4636000,3786000,4638000,3788000,48.0586461405938,31.163349969235732,9,hybrid,30,1,1,14,2,1,2,7,5.395926075812762,4.721435316336167,TRUE
2026-02-28,cell_2000m_2322_1884,2322,1884,4644000,3768000,4646000,3770000,48.141559483083505,30.999190118548963,8,hybrid,30,2,1,14,2,0.5,2,6,4.046944556859572,6,TRUE
2026-02-28,cell_2000m_2327_1857,2327,1857,4654000,3714000,4656000,3716000,48.24520116119563,30.50835906693413,4,hybrid,30,0,0,14,0,0,0,4,4,4,TRUE
2026-02-28,cell_2000m_2329_1870,2329,1870,4658000,3740000,4660000,3742000,48.28665783244049,30.744379058676085,15,hybrid,30,4.5,1.5,14,3,1.5,4.5,10.5,4.721435316336167,5.395926075812762,TRUE
2026-02-28,cell_2000m_2329_1871,2329,1871,4658000,3742000,4660000,3744000,48.28665783244049,30.762557874297382,9,hybrid,30,2,1,14,1,1,2,7,4.721435316336167,5.395926075812762,TRUE
2026-02-28,cell_2000m_2343_1949,2343,1949,4686000,3898000,4688000,3900000,48.57685453115444,32.19117596249741,4,hybrid,30,0,0,14,0,0,0,4,4,4,TRUE
2026-02-28,cell_2000m_2374_1601,2374,1601,4748000,3202000,4750000,3204000,49.21943293544964,25.965330122584398,4,hybrid,30,0,0,14,0,0,0,4,4,4,TRUE
2026-02-28,cell_2000m_2375_1601,2375,1601,4750000,3202000,4752000,3204000,49.24016127107206,25.965330122584398,5,hybrid,30,0,0,14,0,0,0,5,5,5,TRUE
2026-02-28,cell_2000m_2386_1590,2386,1590,4772000,3180000,4774000,3182000,49.46817296291874,25.77416217317419,4,hybrid,30,0,0,14,0,0,0,4,4,4,TRUE
2026-02-28,cell_2000m_2535_1693,2535,1693,5070000,3386000,5072000,3388000,52.55669497066016,27.576459669612493,7,hybrid,30,1,1,14,0,0,1,6,4.046944556859572,7,TRUE
2026-02-28,cell_2000m_2536_1692,2536,1692,5072000,3384000,5074000,3386000,52.57742330628259,27.55882520266557,4,hybrid,30,0,0,14,1,0.5,1,3,4,3,TRUE
2026-02-28,cell_2000m_2542_1495,2542,1495,5084000,2990000,5086000,2992000,52.70179332001714,24.135319046334494,7,hybrid,30,2,1,14,2,1,2,5,3.3724537973829762,3.3724537973829762,TRUE
2026-02-28,cell_2000m_2550_1556,2550,1556,5100000,3112000,5102000,3114000,52.86762000499655,25.1851658685344,7,hybrid,30,0,0,14,0,0,0,7,7,7,TRUE
2026-02-28,cell_2000m_2616_1446,2616,1446,5232000,2892000,5234000,2894000,54.23569015607664,23.298080759543566,4,hybrid,30,1,0,14,0,0,1,3,3,4,TRUE
2026-02-28,cell_2000m_2656_1546,2656,1546,5312000,3092000,5314000,3094000,55.064823580973666,25.01246366052908,4,hybrid,30,0,0,14,0,0,0,4,4,4,TRUE
2026-02-28,cell_2000m_2657_1546,2657,1546,5314000,3092000,5316000,3094000,55.08555191659609,25.01246366052908,4,hybrid,30,0,0,14,0,0,0,4,4,4,TRUE
2026-02-28,cell_2000m_2704_1601,2704,1601,5408000,3202000,5410000,3204000,56.0597836908501,25.965330122584398,7,hybrid,30,1,1,14,1,1,1,6,4.046944556859572,4.046944556859572,TRUE
2026-03-01,cell_2000m_1289_783,1289,783,2578000,1566000,2580000,1568000,26.729188785117838,12.376645239315927,5,hybrid,30,0,0,14,0,0,0,5,5,5,TRUE
2026-03-01,cell_2000m_1290_785,1290,785,2580000,1570000,2582000,1572000,26.749917120740264,12.408727971698326,6,hybrid,30,0,0,14,0,0,0,6,6,6,TRUE
2026-03-01,cell_2000m_1290_786,1290,786,2580000,1572000,2582000,1574000,26.749917120740264,12.424770781740877,7,hybrid,30,0,0,14,0,0,0,7,7,7,TRUE
2026-03-01,cell_2000m_1367_779,1367,779,2734000,1558000,2736000,1560000,28.345998963667036,12.312491286098227,7,hybrid,30,0,0,14,0,0,0,7,7,7,TRUE
2026-03-01,cell_2000m_1377_764,1377,764,2754000,1528000,2756000,1530000,28.55328231989129,12.072049266363306,5,hybrid,30,0,0,14,0,0,0,5,5,5,TRUE
2026-03-01,cell_2000m_1402_795,1402,795,2804000,1590000,2806000,1592000,29.071490710451936,12.569199640601422,4,hybrid,30,0,0,14,0,0,0,4,4,4,TRUE
2026-03-01,cell_2000m_1470_788,1470,788,2940000,1576000,2942000,1578000,30.48101753277687,12.456859296548267,5,hybrid,30,0,0,14,0,0,0,5,5,5,TRUE
2026-03-01,cell_2000m_1616_792,1616,792,3232000,1584000,3234000,1586000,33.50735453365102,12.521047944408249,5,hybrid,30,0,0,14,0,0,0,5,5,5,TRUE
2026-03-01,cell_2000m_1661_791,1661,791,3322000,1582000,3324000,1584000,34.44012963666017,12.504999326645908,7,hybrid,30,0,0,14,0,0,0,7,7,7,TRUE
2026-03-01,cell_2000m_1699_868,1699,868,3398000,1736000,3400000,1738000,35.227806390312345,13.743693641847724,4,hybrid,30,0,0,14,0,0,0,4,4,4,TRUE
2026-03-01,cell_2000m_1699_869,1699,869,3398000,1738000,3400000,1740000,35.227806390312345,13.759821350352844,4,hybrid,30,0,0,14,0,0,0,4,4,4,TRUE
2026-03-01,cell_2000m_1704_822,1704,822,3408000,1644000,3410000,1646000,35.33144806842447,13.002965223053272,5,hybrid,30,0,0,14,0,0,0,5,5,5,TRUE
2026-03-01,cell_2000m_1746_2190,1746,2190,3492000,4380000,3494000,4382000,36.202038164566346,36.755813884505216,4,hybrid,30,0,0,14,0,0,0,4,4,4,TRUE
2026-03-01,cell_2000m_1750_769,1750,769,3500000,1538000,3502000,1540000,36.28495150705606,12.15217303138228,4,hybrid,30,0,0,14,0,0,0,4,4,4,TRUE
2026-03-01,cell_2000m_1910_2190,1910,2190,3820000,4380000,3822000,4382000,39.60148520664415,36.755813884505216,9,hybrid,30,0,0,14,0,0,0,9,9,9,TRUE
2026-03-01,cell_2000m_2308_1911,2308,1911,4616000,3822000,4618000,3824000,47.85136278436955,31.492510441749918,4,hybrid,30,0,0,14,0,0,0,4,4,4,TRUE
2026-03-01,cell_2000m_2322_1884,2322,1884,4644000,3768000,4646000,3770000,48.141559483083505,30.999190118548963,9,hybrid,30,2,1,14,2,1,2,7,4.721435316336167,4.721435316336167,TRUE
2026-03-01,cell_2000m_2353_1928,2353,1928,4706000,3856000,4708000,3858000,48.7841378873787,31.804430434208758,4,hybrid,30,0,0,14,0,0,0,4,4,4,TRUE
2026-03-01,cell_2000m_2405_1847,2405,1847,4810000,3694000,4812000,3696000,49.86201133974483,30.327186812788188,4,hybrid,30,0,0,14,0,0,0,4,4,4,TRUE
2026-03-01,cell_2000m_2536_1692,2536,1692,5072000,3384000,5074000,3386000,52.57742330628259,27.55882520266557,4,hybrid,30,0,0,14,1,0.5,1,3,4,3,TRUE
2026-03-01,cell_2000m_2628_1128,2628,1128,5256000,2256000,5258000,2258000,54.484430183545754,17.977814324273456,4,hybrid,30,0,0,14,0,0,0,4,4,4,TRUE
2026-03-01,cell_2000m_2632_1130,2632,1130,5264000,2260000,5266000,2262000,54.56734352603545,18.01073924518925,18,hybrid,30,4,1.5,14,0,0,4,14,6.295247088448222,18,TRUE
2026-03-01,cell_2000m_2675_1440,2675,1440,5350000,2880000,5352000,2882000,55.45866195779975,23.195918934621446,9,hybrid,30,3,1,14,3,1,3,6,4.046944556859572,4.046944556859572,TRUE
2026-03-01,cell_2000m_2704_1601,2704,1601,5408000,3202000,5410000,3204000,56.0597836908501,25.965330122584398,7,hybrid,30,1,1,14,1,1,1,6,4.046944556859572,4.046944556859572,TRUE
2026-03-01,cell_2000m_2724_1389,2724,1389,5448000,2778000,5450000,2780000,56.4743504032986,22.33057233522509,7,hybrid,30,1,1,14,0,0,1,6,4.046944556859572,7,TRUE
2026-03-01,cell_2000m_2753_1366,2753,1366,5506000,2732000,5508000,2734000,57.07547213634895,21.94204112597003,7,hybrid,30,2,1,14,2,1,2,5,3.3724537973829762,3.3724537973829762,TRUE
2026-03-01,cell_2000m_2787_1583,2787,1583,5574000,3166000,5576000,3168000,57.780235547511424,25.65266668811798,4,hybrid,30,0,0,14,0,0,0,4,4,4,TRUE
2026-03-02,cell_2000m_1367_779,1367,779,2734000,1558000,2736000,1560000,28.345998963667036,12.312491286098227,4,hybrid,30,0,0,14,0,0,0,4,4,4,TRUE
2026-03-02,cell_2000m_1368_779,1368,779,2736000,1558000,2738000,1560000,28.36672729928946,12.312491286098227,5,hybrid,30,0,0,14,0,0,0,5,5,5,TRUE
2026-03-02,cell_2000m_1377_764,1377,764,2754000,1528000,2756000,1530000,28.55328231989129,12.072049266363306,6,hybrid,30,0,0,14,0,0,0,6,6,6,TRUE
2026-03-02,cell_2000m_1666_858,1666,858,3332000,1716000,3334000,1718000,34.5437713147723,13.582475834664148,4,hybrid,30,0,0,14,0,0,0,4,4,4,TRUE
2026-03-02,cell_2000m_1673_911,1673,911,3346000,1822000,3348000,1824000,34.68886966412928,14.438181893589208,6,hybrid,30,0,0,14,0,0,0,6,6,6,TRUE
2026-03-02,cell_2000m_1736_763,1736,763,3472000,1526000,3474000,1528000,35.99475480834209,12.056027320077384,4,hybrid,30,0,0,14,0,0,0,4,4,4,TRUE
2026-03-02,cell_2000m_1780_797,1780,797,3560000,1594000,3562000,1596000,36.906801575728814,12.60130565458545,5,hybrid,30,0,0,14,0,0,0,5,5,5,TRUE
2026-03-02,cell_2000m_2283_1866,2283,1866,4566000,3732000,4568000,3734000,47.333154393808904,30.671697380295743,4,hybrid,30,0,0,14,0.5,0.5,0.5,3.5,4,3.5,TRUE
2026-03-02,cell_2000m_2322_1884,2322,1884,4644000,3768000,4646000,3770000,48.141559483083505,30.999190118548963,12,hybrid,30,2,1,14,2,1.5,2,10,6.7449075947659525,4.496605063177301,TRUE
2026-03-02,cell_2000m_2369_1853,2369,1853,4738000,3706000,4740000,3708000,49.115791257337506,30.43585059474499,6,hybrid,30,1,1,14,1,1,1,5,3.3724537973829762,3.3724537973829762,TRUE
2026-03-02,cell_2000m_2373_1533,2373,1533,4746000,3066000,4748000,3068000,49.19870459982722,24.788305038500752,4,hybrid,30,0,0,14,0,0,0,4,4,4,TRUE
2026-03-02,cell_2000m_2386_2046,2386,2046,4772000,4092000,4774000,4094000,49.46817296291874,33.999193757929234,4,hybrid,30,0,0,14,0,0,0,4,4,4,TRUE
2026-03-03,cell_2000m_1306_935,1306,935,2612000,1870000,2614000,1872000,27.081570490699075,14.826717158115333,4,hybrid,30,0,0,14,0,0,0,4,4,4,TRUE
2026-03-03,cell_2000m_1307_936,1307,936,2614000,1872000,2616000,1874000,27.1022988263215,14.842920763673048,5,hybrid,30,0,0,14,0,0,0,5,5,5,TRUE
2026-03-03,cell_2000m_1337_1868,1337,1868,2674000,3736000,2676000,3738000,27.72414889499427,30.708031510046748,4,hybrid,30,1,0.5,14,0,0,1,3,3,4,TRUE
2026-03-03,cell_2000m_1411_802,1411,802,2822000,1604000,2824000,1606000,29.258045731053766,12.681587863075867,4,hybrid,30,0,0,14,0,0,0,4,4,4,TRUE
2026-03-03,cell_2000m_1472_792,1472,792,2944000,1584000,2946000,1586000,30.522474204021727,12.521047944408249,4,hybrid,30,0,0,14,0,0,0,4,4,4,TRUE
2026-03-03,cell_2000m_1660_795,1660,795,3320000,1590000,3322000,1592000,34.419401301037745,12.569199640601422,4,hybrid,30,0,0,14,0,0,0,4,4,4,TRUE
2026-03-03,cell_2000m_1726_798,1726,798,3452000,1596000,3454000,1598000,35.787471452117835,12.61736013076798,7,hybrid,30,0,0,14,0,0,0,7,7,7,TRUE
2026-03-03,cell_2000m_1728_771,1728,771,3456000,1542000,3458000,1544000,35.82892812336269,12.184229112352446,4,hybrid,30,0,0,14,0,0,0,4,4,4,TRUE
2026-03-03,cell_2000m_1734_772,1734,772,3468000,1544000,3470000,1546000,35.953298137097235,12.200258567326085,9,hybrid,30,0,0,14,0,0,0,9,9,9,TRUE
2026-03-03,cell_2000m_1750_1014,1750,1014,3500000,2028000,3502000,2030000,36.28495150705606,16.11057271795191,4,hybrid,30,0,0,14,0,0,0,4,4,4,TRUE
2026-03-03,cell_2000m_1825_859,1825,859,3650000,1718000,3652000,1720000,37.83957667873797,13.598592787353008,5,hybrid,30,0,0,14,0,0,0,5,5,5,TRUE
2026-03-03,cell_2000m_1828_857,1828,857,3656000,1714000,3658000,1716000,37.90176168560525,13.56635994950759,5,hybrid,30,0,0,14,0,0,0,5,5,5,TRUE
2026-03-03,cell_2000m_1921_1293,1921,1293,3842000,2586000,3844000,2588000,39.82949689849084,20.715604951575173,4,hybrid,30,1,0,14,0.5,0.5,1,3,3,3.5,TRUE
2026-03-03,cell_2000m_2034_2200,2034,2200,4068000,4400000,4070000,4402000,42.17179882382493,36.950794744482735,4,hybrid,30,0,0,14,0,0,0,4,4,4,TRUE
2026-03-03,cell_2000m_2113_2093,2113,2093,4226000,4186000,4228000,4188000,43.80933733799655,34.888856401396666,13,hybrid,30,4,2,14,2,1.5,4,9,3.0352084176446783,4.946265569495031,TRUE
2026-03-03,cell_2000m_2113_2094,2113,2094,4226000,4188000,4228000,4190000,43.80933733799655,34.907887417933686,6,hybrid,30,1,1,14,0,0,1,5,3.3724537973829762,6,TRUE
2026-03-03,cell_2000m_2122_2139,2122,2139,4244000,4278000,4246000,4280000,43.99589235859838,35.7688456210609,7,hybrid,30,1,1,14,1,1,1,6,4.046944556859572,4.046944556859572,TRUE
2026-03-03,cell_2000m_2123_2092,2123,2092,4246000,4184000,4248000,4186000,44.016620694220805,34.869829712206055,8,hybrid,30,2,1,14,0.5,0.5,2,6,4.046944556859572,7.5,TRUE
2026-03-03,cell_2000m_2123_2132,2123,2132,4246000,4264000,4248000,4266000,44.016620694220805,35.634323442880245,10,hybrid,30,2,1,14,2,1,2,8,5.395926075812762,5.395926075812762,TRUE
2026-03-03,cell_2000m_2133_2120,2133,2120,4266000,4240000,4268000,4242000,44.22390405044507,35.40422952302195,6,hybrid,30,1,1,14,1,1,1,5,3.3724537973829762,3.3724537973829762,TRUE
2026-03-03,cell_2000m_2136_2128,2136,2128,4272000,4256000,4274000,4258000,44.28608905731234,35.55755342949798,4,hybrid,30,0,0,14,0.5,0.5,0.5,3.5,4,3.5,TRUE
2026-03-03,cell_2000m_2136_2129,2136,2129,4272000,4258000,4274000,4260000,44.28608905731234,35.576739155034794,4,hybrid,30,0,0,14,0,0,0,4,4,4,TRUE
2026-03-03,cell_2000m_2138_2127,2138,2127,4276000,4254000,4278000,4256000,44.32754572855719,35.53837221356856,7,hybrid,30,1,1,14,1,1,1,6,4.046944556859572,4.046944556859572,TRUE
2026-03-03,cell_2000m_2143_2112,2143,2112,4286000,4224000,4288000,4226000,44.431187406669316,35.251191511764766,12,hybrid,30,2,2,14,0.5,0.5,2,10,3.3724537973829762,11.5,TRUE
2026-03-03,cell_2000m_2159_2005,2159,2005,4318000,4010000,4320000,4012000,44.76284077662813,33.23051592915801,8,hybrid,30,2,1,14,2,1,2,6,4.046944556859572,4.046944556859572,TRUE
2026-03-03,cell_2000m_2228_1992,2228,1992,4456000,3984000,4458000,3986000,46.193095934575496,32.98817587670549,8,hybrid,30,1,1,14,3,1,3,5,4.721435316336167,3.3724537973829762,TRUE
2026-03-03,cell_2000m_2329_1871,2329,1871,4658000,3742000,4660000,3744000,48.28665783244049,30.762557874297382,8,hybrid,30,2,1,14,1,1,2,6,4.046944556859572,4.721435316336167,TRUE
2026-03-04,cell_2000m_1470_792,1470,792,2940000,1584000,2942000,1586000,30.48101753277687,12.521047944408249,4,hybrid,30,0,0,14,0,0,0,4,4,4,TRUE
2026-03-04,cell_2000m_1518_2250,1518,2250,3036000,4500000,3038000,4502000,31.4759776426533,37.93319877603129,5,hybrid,30,0,0,14,0,0,0,5,5,5,TRUE
2026-03-04,cell_2000m_1591_829,1591,829,3182000,1658000,3184000,1660000,32.98914614309037,13.115542677486614,4,hybrid,30,0,0,14,0,0,0,4,4,4,TRUE
2026-03-04,cell_2000m_1591_830,1591,830,3182000,1660000,3184000,1662000,32.98914614309037,13.131629261568664,4,hybrid,30,0,0,14,0,0,0,4,4,4,TRUE
2026-03-04,cell_2000m_1746_781,1746,781,3492000,1562000,3494000,1564000,36.202038164566346,12.34456634785286,6,hybrid,30,0,0,14,0,0,0,6,6,6,TRUE
2026-03-04,cell_2000m_1826_857,1826,857,3652000,1714000,3654000,1716000,37.8603050143604,13.56635994950759,7,hybrid,30,0,0,14,0,0,0,7,7,7,TRUE
2026-03-04,cell_2000m_1826_858,1826,858,3652000,1716000,3654000,1718000,37.8603050143604,13.582475834664148,4,hybrid,30,0,0,14,0,0,0,4,4,4,TRUE
2026-03-04,cell_2000m_1846_1484,1846,1484,3692000,2968000,3694000,2970000,38.27487172680891,23.94690804499162,6,hybrid,30,0.5,0.5,14,0,0,0.5,5.5,5.5,6,TRUE
2026-03-04,cell_2000m_2279_1922,2279,1922,4558000,3844000,4560000,3846000,47.2502410513192,31.69422372518788,8,hybrid,30,1.5,0.5,14,1,1,1.5,6.5,6.5,4.721435316336167,TRUE
2026-03-04,cell_2000m_2305_1900,2305,1900,4610000,3800000,4612000,3802000,47.789177777502275,31.29122282442726,5,hybrid,30,1.5,0.5,14,0,0,1.5,3.5,3.5,5,TRUE
2026-03-04,cell_2000m_2307_1908,2307,1908,4614000,3816000,4616000,3818000,47.83063444874711,31.437571822391952,12,hybrid,30,1,1,14,0.5,0.5,1,11,7.4193983542425475,11.5,TRUE
2026-03-04,cell_2000m_2321_1776,2321,1776,4642000,3552000,4644000,3554000,48.12083114746108,29.050085602725904,5,hybrid,30,0,0,14,0,0,0,5,5,5,TRUE
2026-03-04,cell_2000m_2322_1776,2322,1776,4644000,3552000,4646000,3554000,48.141559483083505,29.050085602725904,6,hybrid,30,0.5,0.5,14,1,1,1,5,5.5,3.3724537973829762,TRUE
2026-03-04,cell_2000m_2322_1884,2322,1884,4644000,3768000,4646000,3770000,48.141559483083505,30.999190118548963,19,hybrid,30,2,1,14,2.5,2.5,2.5,16.5,11.46634291110212,4.451639012545528,TRUE
2026-03-04,cell_2000m_2328_1871,2328,1871,4656000,3742000,4658000,3744000,48.26592949681806,30.762557874297382,7,hybrid,30,0,0,14,0,0,0,7,7,7,TRUE
2026-03-04,cell_2000m_2356_1880,2356,1880,4712000,3760000,4714000,3762000,48.84632289424598,30.926319121500175,7,hybrid,30,2,0,14,0.5,0.5,2,5,5,6.5,TRUE
2026-03-04,cell_2000m_2366_1948,2366,1948,4732000,3896000,4734000,3898000,49.05360625047023,32.17272310741292,5,hybrid,30,0,0,14,0,0,0,5,5,5,TRUE
2026-03-04,cell_2000m_2368_1942,2368,1942,4736000,3884000,4738000,3886000,49.09506292171508,32.06208281860924,12,hybrid,30,0,0,14,0,0,0,12,12,12,TRUE
2026-03-04,cell_2000m_2388_1734,2388,1734,4776000,3468000,4778000,3470000,49.509629634163595,28.301896919879272,4,hybrid,30,0,0,14,0,0,0,4,4,4,TRUE
2026-03-04,cell_2000m_2389_1734,2389,1734,4778000,3468000,4780000,3470000,49.530357969786024,28.301896919879272,4,hybrid,30,0,0,14,0,0,0,4,4,4,TRUE
2026-03-04,cell_2000m_2391_1663,2391,1663,4782000,3326000,4784000,3328000,49.57181464103087,27.04861966909413,6,hybrid,30,1,1,14,0,0,1,5,3.3724537973829762,6,TRUE
2026-03-04,cell_2000m_2391_1664,2391,1664,4782000,3328000,4784000,3330000,49.57181464103087,27.066174931196954,8,hybrid,30,0,0,14,0,0,0,8,8,8,TRUE
2026-03-04,cell_2000m_2400_1872,2400,1872,4800000,3744000,4802000,3746000,49.758369661632706,30.780740055720653,5,hybrid,30,1,0.5,14,0,0,1,4,4,5,TRUE
2026-03-04,cell_2000m_2405_1847,2405,1847,4810000,3694000,4812000,3696000,49.86201133974483,30.327186812788188,4,hybrid,30,0,0,14,0,0,0,4,4,4,TRUE
2026-03-04,cell_2000m_2412_1648,2412,1648,4824000,3296000,4826000,3298000,50.00710968910181,26.785611647058264,4,hybrid,30,0,0,14,0,0,0,4,4,4,TRUE
2026-03-04,cell_2000m_2412_1860,2412,1860,4824000,3720000,4826000,3722000,50.00710968910181,30.56277521009571,8,hybrid,30,2.5,0.5,14,2,1,2.5,5.5,5.5,4.046944556859572,TRUE
2026-03-04,cell_2000m_2413_1648,2413,1648,4826000,3296000,4828000,3298000,50.02783802472424,26.785611647058264,5,hybrid,30,0,0,14,0,0,0,5,5,5,TRUE
2026-03-04,cell_2000m_2436_1853,2436,1853,4872000,3706000,4874000,3708000,50.50458974404003,30.43585059474499,4,hybrid,30,0,0,14,0,0,0,4,4,4,TRUE
2026-03-04,cell_2000m_2450_2094,2450,2094,4900000,4188000,4902000,4190000,50.79478644275398,34.907887417933686,7,hybrid,30,0,0,14,0,0,0,7,7,7,TRUE
2026-03-04,cell_2000m_2467_2138,2467,2138,4934000,4276000,4936000,4278000,51.14716814833522,35.74961450353733,4,hybrid,30,0,0,14,0,0,0,4,4,4,TRUE
2026-03-04,cell_2000m_2678_1531,2678,1531,5356000,3062000,5358000,3064000,55.52084696466703,24.75385432497012,6,hybrid,30,0,0,14,0,0,0,6,6,6,TRUE
2026-03-04,cell_2000m_2704_1670,2704,1670,5408000,3340000,5410000,3342000,56.0597836908501,27.17156310474076,15,hybrid,30,2,1,14,3,2,3,12,8.768379873195737,4.046944556859572,TRUE
2026-03-04,cell_2000m_2717_1556,2717,1556,5434000,3112000,5436000,3114000,56.32925205394162,25.1851658685344,4,hybrid,30,0,0,14,0,0,0,4,4,4,TRUE
2026-03-04,cell_2000m_2718_1556,2718,1556,5436000,3112000,5438000,3114000,56.349980389564045,25.1851658685344,13,hybrid,30,0,0,14,0,0,0,13,13,13,TRUE
2026-03-05,cell_2000m_1238_771,1238,771,2476000,1542000,2478000,1544000,25.67204366837413,12.184229112352446,6,hybrid,30,0,0,14,0,0,0,6,6,6,TRUE
2026-03-05,cell_2000m_1284_795,1284,795,2568000,1590000,2570000,1592000,26.625547107005712,12.569199640601422,8,hybrid,30,0,0,14,0,0,0,8,8,8,TRUE
2026-03-05,cell_2000m_1284_796,1284,796,2568000,1592000,2570000,1594000,26.625547107005712,12.585252158333951,7,hybrid,30,0,0,14,0,0,0,7,7,7,TRUE
2026-03-05,cell_2000m_1369_766,1369,766,2738000,1532000,2740000,1534000,28.387455634911888,12.104095961484472,9,hybrid,30,0,0,14,0,0,0,9,9,9,TRUE
2026-03-05,cell_2000m_1374_769,1374,769,2748000,1538000,2750000,1540000,28.491097313024017,12.15217303138228,4,hybrid,30,0,0,14,0,0,0,4,4,4,TRUE
2026-03-05,cell_2000m_1374_770,1374,770,2748000,1540000,2750000,1542000,28.491097313024017,12.168200600835531,4,hybrid,30,0,0,14,0,0,0,4,4,4,TRUE
2026-03-05,cell_2000m_1429_825,1429,825,2858000,1650000,2860000,1652000,29.631155772257426,13.051206581988204,5,hybrid,30,0,0,14,0,0,0,5,5,5,TRUE
2026-03-05,cell_2000m_1468_868,1468,868,2936000,1736000,2938000,1738000,30.439560861532023,13.743693641847724,6,hybrid,30,0,0,14,0,0,0,6,6,6,TRUE
2026-03-05,cell_2000m_1746_765,1746,765,3492000,1530000,3494000,1532000,36.202038164566346,12.088072146369397,10,hybrid,30,0,0,14,0,0,0,10,10,10,TRUE
2026-03-05,cell_2000m_1828_858,1828,858,3656000,1716000,3658000,1718000,37.90176168560525,13.582475834664148,5,hybrid,30,0,0,14,0,0,0,5,5,5,TRUE
2026-03-05,cell_2000m_2123_2132,2123,2132,4246000,4264000,4248000,4266000,44.016620694220805,35.634323442880245,7,hybrid,30,2,1,14,2,1,2,5,3.3724537973829762,3.3724537973829762,TRUE
2026-03-05,cell_2000m_2253_1874,2253,1874,4506000,3748000,4508000,3750000,46.71130432513614,30.817114530794633,5,hybrid,30,0,0,14,0,0,0,5,5,5,TRUE
2026-03-05,cell_2000m_2322_1884,2322,1884,4644000,3768000,4646000,3770000,48.141559483083505,30.999190118548963,21,hybrid,30,2,1,14,2.5,2.5,2.5,18.5,12.815324430055309,4.991231620126805,TRUE
2026-03-05,cell_2000m_2328_1870,2328,1870,4656000,3740000,4658000,3742000,48.26592949681806,30.744379058676085,6,hybrid,30,0,0,14,0,0,0,6,6,6,TRUE
2026-03-05,cell_2000m_2329_1870,2329,1870,4658000,3740000,4660000,3742000,48.28665783244049,30.744379058676085,15,hybrid,30,4.5,1.5,14,2,1.5,4.5,10.5,4.721435316336167,5.845586582130491,TRUE
2026-03-05,cell_2000m_2329_1871,2329,1871,4658000,3742000,4660000,3744000,48.28665783244049,30.762557874297382,8,hybrid,30,2,1,14,0.5,0.5,2,6,4.046944556859572,7.5,TRUE
2026-03-05,cell_2000m_2338_1886,2338,1886,4676000,3772000,4678000,3774000,48.47321285304231,31.03564608806269,6,hybrid,30,0,0,14,0,0,0,6,6,6,TRUE
2026-03-05,cell_2000m_2363_1897,2363,1897,4726000,3794000,4728000,3796000,48.99142124360295,31.23639939756103,13,hybrid,30,4,2,14,1.5,1.5,4,9,3.0352084176446783,5.171095822653896,TRUE
2026-03-05,cell_2000m_2368_1942,2368,1942,4736000,3884000,4738000,3886000,49.09506292171508,32.06208281860924,7,hybrid,30,0,0,14,0,0,0,7,7,7,TRUE
2026-03-05,cell_2000m_2374_1601,2374,1601,4748000,3202000,4750000,3204000,49.21943293544964,25.965330122584398,9,hybrid,30,0,0,14,0,0,0,9,9,9,TRUE
2026-03-05,cell_2000m_2377_1588,2377,1588,4754000,3176000,4756000,3178000,49.28161794231691,25.739436786813037,5,hybrid,30,0,0,14,0,0,0,5,5,5,TRUE
2026-03-05,cell_2000m_2389_1868,2389,1868,4778000,3736000,4780000,3738000,49.530357969786024,30.708031510046748,6,hybrid,30,1,1,14,1,1,1,5,3.3724537973829762,3.3724537973829762,TRUE
2026-03-05,cell_2000m_2391_1664,2391,1664,4782000,3328000,4784000,3330000,49.57181464103087,27.066174931196954,6,hybrid,30,0,0,14,0,0,0,6,6,6,TRUE
2026-03-05,cell_2000m_2393_1878,2393,1878,4786000,3756000,4788000,3758000,49.61327131227573,30.889904033875688,8,hybrid,30,1,1,14,0.5,0.5,1,7,4.721435316336167,7.5,TRUE
2026-03-05,cell_2000m_2398_1745,2398,1745,4796000,3490000,4798000,3492000,49.716912990387854,28.497347083995972,13,hybrid,30,3,2,14,0,0,3,10,3.3724537973829762,13,TRUE
2026-03-05,cell_2000m_2400_1875,2400,1875,4800000,3750000,4802000,3752000,49.758369661632706,30.83530683186828,6,hybrid,30,0,0,14,0,0,0,6,6,6,TRUE
2026-03-05,cell_2000m_2413_1648,2413,1648,4826000,3296000,4828000,3298000,50.02783802472424,26.785611647058264,4,hybrid,30,0,0,14,0,0,0,4,4,4,TRUE
2026-03-05,cell_2000m_2413_1860,2413,1860,4826000,3720000,4828000,3722000,50.02783802472424,30.56277521009571,4,hybrid,30,0,0,14,0.5,0.5,0.5,3.5,4,3.5,TRUE
2026-03-05,cell_2000m_2432_1837,2432,1837,4864000,3674000,4866000,3676000,50.42167640155033,30.146342395532027,10,hybrid,30,3,1,14,1,1,3,7,4.721435316336167,6.070416835289357,TRUE
2026-03-05,cell_2000m_2435_1856,2435,1856,4870000,3712000,4872000,3714000,50.4838614084176,30.49022698629214,10,hybrid,30,3,1,14,1.5,1.5,3,7,4.721435316336167,3.822114303700706,TRUE
2026-03-05,cell_2000m_2436_1853,2436,1853,4872000,3706000,4874000,3708000,50.50458974404003,30.43585059474499,5,hybrid,30,0,0,14,0,0,0,5,5,5,TRUE
2026-03-05,cell_2000m_2452_1826,2452,1826,4904000,3652000,4906000,3654000,50.83624311399884,29.94778793401356,6,hybrid,30,1.5,0.5,14,1,1,1.5,4.5,4.5,3.3724537973829762,TRUE
2026-03-05,cell_2000m_2454_1824,2454,1824,4908000,3648000,4910000,3650000,50.87769978524369,29.911728911274853,7,hybrid,30,1.5,1,14,1,1,1.5,5.5,3.7096991771212737,4.046944556859572,TRUE
2026-03-05,cell_2000m_2485_1597,2485,1597,4970000,3194000,4972000,3196000,51.520278189538885,25.895779476074818,10,hybrid,30,0,0,14,0,0,0,10,10,10,TRUE
2026-03-05,cell_2000m_2516_1701,2516,1701,5032000,3402000,5034000,3404000,52.16285659383408,27.7176355670726,7,hybrid,30,1,1,14,0.5,0.5,1,6,4.046944556859572,6.5,TRUE
2026-03-05,cell_2000m_2519_1700,2519,1700,5038000,3400000,5040000,3402000,52.22504160070135,27.699978814055285,4,hybrid,30,0,0,14,0,0,0,4,4,4,TRUE
2026-03-05,cell_2000m_2520_1699,2520,1699,5040000,3398000,5042000,3400000,52.24576993632378,27.682324857261538,18,hybrid,30,5,2,14,3,3,5,13,4.384189936597869,3.372453797382976,TRUE
2026-03-05,cell_2000m_2544_1495,2544,1495,5088000,2990000,5090000,2992000,52.743249991262,24.135319046334494,4,hybrid,30,0,0,14,0,0,0,4,4,4,TRUE
2026-03-05,cell_2000m_2718_1556,2718,1556,5436000,3112000,5438000,3114000,56.349980389564045,25.1851658685344,8,hybrid,30,0,0,14,0,0,0,8,8,8,TRUE
2026-03-06,cell_2000m_1369_767,1369,767,2738000,1534000,2740000,1536000,28.387455634911888,12.120120713098038,4,hybrid,30,0,0,14,0,0,0,4,4,4,TRUE
2026-03-06,cell_2000m_1372_768,1372,768,2744000,1536000,2746000,1538000,28.449640641779162,12.13614640260033,8,hybrid,30,0,0,14,0,0,0,8,8,8,TRUE
2026-03-06,cell_2000m_1450_905,1450,905,2900000,1810000,2902000,1812000,30.066450820328367,14.341152047636239,5,hybrid,30,0,0,14,0,0,0,5,5,5,TRUE
2026-03-06,cell_2000m_1463_860,1463,860,2926000,1720000,2928000,1722000,30.335919183419897,13.61471080903517,5,hybrid,30,0,0,14,0,0,0,5,5,5,TRUE
2026-03-06,cell_2000m_1465_866,1465,866,2930000,1732000,2932000,1734000,30.37737585466475,13.711441469909001,9,hybrid,30,0,0,14,0,0,0,9,9,9,TRUE
2026-03-06,cell_2000m_1594_830,1594,830,3188000,1660000,3190000,1662000,33.051331149957655,13.131629261568664,4,hybrid,30,0,0,14,0,0,0,4,4,4,TRUE
2026-03-06,cell_2000m_1714_796,1714,796,3428000,1592000,3430000,1594000,35.53873142464873,12.585252158333951,4,hybrid,30,0,0,14,0,0,0,4,4,4,TRUE
2026-03-06,cell_2000m_1726_799,1726,799,3452000,1598000,3454000,1600000,35.787471452117835,12.633415588294353,4,hybrid,30,0,0,14,0,0,0,4,4,4,TRUE
2026-03-06,cell_2000m_1744_803,1744,803,3488000,1606000,3490000,1608000,36.160581493321494,12.697647260120707,10,hybrid,30,0,0,14,0,0,0,10,10,10,TRUE
2026-03-06,cell_2000m_1749_767,1749,767,3498000,1534000,3500000,1536000,36.26422317143362,12.120120713098038,5,hybrid,30,0,0,14,0,0,0,5,5,5,TRUE
2026-03-06,cell_2000m_1759_798,1759,798,3518000,1596000,3520000,1598000,36.47150652765788,12.61736013076798,7,hybrid,30,0,0,14,0,0,0,7,7,7,TRUE
2026-03-06,cell_2000m_2368_1942,2368,1942,4736000,3884000,4738000,3886000,49.09506292171508,32.06208281860924,5,hybrid,30,0,0,14,0,0,0,5,5,5,TRUE
2026-03-06,cell_2000m_2375_1601,2375,1601,4750000,3202000,4752000,3204000,49.24016127107206,25.965330122584398,4,hybrid,30,0,0,14,0,0,0,4,4,4,TRUE
2026-03-06,cell_2000m_2432_1838,2432,1838,4864000,3676000,4866000,3678000,50.42167640155033,30.164412186573458,7,hybrid,30,2,1,14,1,1,2,5,3.3724537973829762,4.046944556859572,TRUE
2026-03-06,cell_2000m_2520_1699,2520,1699,5040000,3398000,5042000,3400000,52.24576993632378,27.682324857261538,16,hybrid,30,5,2,14,2.5,2.5,5,11,3.7096991771212737,3.642250101173614,TRUE
2026-03-06,cell_2000m_2538_1690,2538,1690,5076000,3380000,5078000,3382000,52.61887997752744,27.52356458283897,6,hybrid,30,1,1,14,0,0,1,5,3.3724537973829762,6,TRUE
2026-03-06,cell_2000m_2558_1539,2558,1539,5116000,3078000,5118000,3080000,53.03344668997595,24.891713403907445,4,hybrid,30,0,0,14,0,0,0,4,4,4,TRUE
2026-03-06,cell_2000m_2613_1447,2613,1447,5226000,2894000,5228000,2896000,54.17350514920936,23.31511517661646,11,hybrid,30,1,1,14,0,0,1,10,6.7449075947659525,11,TRUE
2026-03-06,cell_2000m_2625_1580,2625,1580,5250000,3160000,5252000,3162000,54.42224517667847,25.600634260866034,7,hybrid,30,0,0,14,0,0,0,7,7,7,TRUE
2026-03-06,cell_2000m_2632_1130,2632,1130,5264000,2260000,5266000,2262000,54.56734352603545,18.01073924518925,12,hybrid,30,4,1.5,14,0.5,0.5,4,8,3.597284050541841,11.5,TRUE
2026-03-06,cell_2000m_2698_1273,2698,1273,5396000,2546000,5398000,2548000,55.935413677115534,20.381306736944097,7,hybrid,30,2,1,14,1,0.5,2,5,3.3724537973829762,6,TRUE
2026-03-06,cell_2000m_2725_1389,2725,1389,5450000,2778000,5452000,2780000,56.49507873892103,22.33057233522509,6,hybrid,30,1.5,0.5,14,0,0,1.5,4.5,4.5,6,TRUE
2026-03-06,cell_2000m_2782_2226,2782,2226,5564000,4452000,5566000,4454000,57.67659386939929,37.46006176354427,4,hybrid,30,0,0,14,0,0,0,4,4,4,TRUE
2026-03-07,cell_2000m_1369_767,1369,767,2738000,1534000,2740000,1536000,28.387455634911888,12.120120713098038,7,hybrid,30,0,0,14,0,0,0,7,7,7,TRUE
2026-03-07,cell_2000m_1372_768,1372,768,2744000,1536000,2746000,1538000,28.449640641779162,12.13614640260033,5,hybrid,30,0,0,14,0,0,0,5,5,5,TRUE
2026-03-07,cell_2000m_1509_789,1509,789,3018000,1578000,3020000,1580000,31.28942262205147,12.47290500412315,5,hybrid,30,0,0,14,0,0,0,5,5,5,TRUE
2026-03-07,cell_2000m_1588_1509,1588,1509,3176000,3018000,3178000,3020000,32.9269611362231,24.375508388348162,4,hybrid,30,0,0,14,0,0,0,4,4,4,TRUE
2026-03-07,cell_2000m_1594_824,1594,824,3188000,1648000,3190000,1650000,33.051331149957655,13.035125111143655,4,hybrid,30,0,0,14,0,0,0,4,4,4,TRUE
2026-03-07,cell_2000m_1649_807,1649,807,3298000,1614000,3300000,1616000,34.191389609191056,12.761894746668665,5,hybrid,30,0,0,14,0,0,0,5,5,5,TRUE
2026-03-07,cell_2000m_1709_763,1709,763,3418000,1526000,3420000,1528000,35.4350897465366,12.056027320077384,4,hybrid,30,0,0,14,0,0,0,4,4,4,TRUE
2026-03-07,cell_2000m_1716_843,1716,843,3432000,1686000,3434000,1688000,35.58018809589358,13.340848832014716,7,hybrid,30,0,0,14,0,0,0,7,7,7,TRUE
2026-03-07,cell_2000m_1745_764,1745,764,3490000,1528000,3492000,1530000,36.18130982894392,12.072049266363306,6,hybrid,30,0,0,14,0,0,0,6,6,6,TRUE
2026-03-07,cell_2000m_1745_765,1745,765,3490000,1530000,3492000,1532000,36.18130982894392,12.088072146369397,10,hybrid,30,0,0,14,0,0,0,10,10,10,TRUE
2026-03-07,cell_2000m_1748_767,1748,767,3496000,1534000,3498000,1536000,36.2434948358112,12.120120713098038,7,hybrid,30,0,0,14,0,0,0,7,7,7,TRUE
2026-03-07,cell_2000m_1774_800,1774,800,3548000,1600000,3550000,1602000,36.782431561994265,12.649472028578128,14,hybrid,30,0,0,14,0,0,0,14,14,14,TRUE
2026-03-07,cell_2000m_1776_794,1776,794,3552000,1588000,3554000,1590000,36.82388823323912,12.553148099976553,5,hybrid,30,0,0,14,0,0,0,5,5,5,TRUE
2026-03-07,cell_2000m_2141_1989,2141,1989,4282000,3978000,4284000,3980000,44.38973073542447,32.93234405380477,4,hybrid,30,0,0,14,0,0,0,4,4,4,TRUE
2026-03-07,cell_2000m_2375_1601,2375,1601,4750000,3202000,4752000,3204000,49.24016127107206,25.965330122584398,4,hybrid,30,0,0,14,0,0,0,4,4,4,TRUE
2026-03-07,cell_2000m_2418_1593,2418,1593,4836000,3186000,4838000,3188000,50.131479702836366,25.82626890486008,4,hybrid,30,0,0,14,0,0,0,4,4,4,TRUE
2026-03-07,cell_2000m_2481_2127,2481,2127,4962000,4254000,4964000,4256000,51.437364847049174,35.53837221356856,4,hybrid,30,0,0,14,0,0,0,4,4,4,TRUE
2026-03-07,cell_2000m_3008_2209,3008,2209,6016000,4418000,6018000,4420000,62.36119772006748,37.126697834631756,6,hybrid,30,1,1,14,0.5,0.5,1,5,3.3724537973829762,5.5,TRUE
2026-03-08,cell_2000m_1337_1868,1337,1868,2674000,3736000,2676000,3738000,27.72414889499427,30.708031510046748,4,hybrid,30,1,0.5,14,0,0,1,3,3,4,TRUE
2026-03-08,cell_2000m_1360_768,1360,768,2720000,1536000,2722000,1538000,28.200900614310058,12.13614640260033,5,hybrid,30,0,0,14,0,0,0,5,5,5,TRUE
2026-03-08,cell_2000m_1501_787,1501,787,3002000,1574000,3004000,1576000,31.12359593707207,12.440814556222637,7,hybrid,30,0,0,14,0,0,0,7,7,7,TRUE
2026-03-08,cell_2000m_1501_788,1501,788,3002000,1576000,3004000,1578000,31.12359593707207,12.456859296548267,5,hybrid,30,0,0,14,0,0,0,5,5,5,TRUE
2026-03-08,cell_2000m_1712_861,1712,861,3424000,1722000,3426000,1724000,35.49727475340387,13.630829901172472,6,hybrid,30,0,0,14,0,0,0,6,6,6,TRUE
2026-03-08,cell_2000m_1803_835,1803,835,3606000,1670000,3608000,1672000,37.383553295044614,13.212077615106326,4,hybrid,30,0,0,14,0,0,0,4,4,4,TRUE
2026-03-08,cell_2000m_1829_859,1829,859,3658000,1718000,3660000,1720000,37.922490021227674,13.598592787353008,4,hybrid,30,0,0,14,0,0,0,4,4,4,TRUE
2026-03-08,cell_2000m_2032_2199,2032,2199,4064000,4398000,4066000,4400000,42.13034215258007,36.9312746266535,8,hybrid,30,0,0,14,1,0.5,1,7,8,7,TRUE
2026-03-08,cell_2000m_2032_2200,2032,2200,4064000,4400000,4066000,4402000,42.13034215258007,36.950794744482735,6,hybrid,30,0,0,14,0.5,0.5,0.5,5.5,6,5.5,TRUE
2026-03-08,cell_2000m_2305_1908,2305,1908,4610000,3816000,4612000,3818000,47.789177777502275,31.437571822391952,7,hybrid,30,0,0,14,0,0,0,7,7,7,TRUE
2026-03-09,cell_2000m_1170_839,1170,839,2340000,1678000,2342000,1680000,24.26251684604919,13.27645490411547,4,hybrid,30,0,0,14,0,0,0,4,4,4,TRUE
2026-03-09,cell_2000m_1171_839,1171,839,2342000,1678000,2344000,1680000,24.283245181671614,13.27645490411547,11,hybrid,30,0,0,14,0,0,0,11,11,11,TRUE
2026-03-09,cell_2000m_1301_780,1301,780,2602000,1560000,2604000,1562000,26.977928812586946,12.328528338962215,4,hybrid,30,0,0,14,0,0,0,4,4,4,TRUE
2026-03-09,cell_2000m_1387_776,1387,776,2774000,1552000,2776000,1554000,28.76056567611555,12.264385849674381,7,hybrid,30,0,0,14,0,0,0,7,7,7,TRUE
2026-03-09,cell_2000m_1388_774,1388,774,2776000,1548000,2778000,1550000,28.781294011737977,12.232320313219414,4,hybrid,30,0,0,14,0,0,0,4,4,4,TRUE
2026-03-09,cell_2000m_1388_776,1388,776,2776000,1552000,2778000,1554000,28.781294011737977,12.264385849674381,5,hybrid,30,0,0,14,0,0,0,5,5,5,TRUE
2026-03-09,cell_2000m_1388_777,1388,777,2776000,1554000,2778000,1556000,28.781294011737977,12.280420042852773,4,hybrid,30,0,0,14,0,0,0,4,4,4,TRUE
2026-03-09,cell_2000m_1389_776,1389,776,2778000,1552000,2780000,1554000,28.8020223473604,12.264385849674381,9,hybrid,30,0,0,14,0,0,0,9,9,9,TRUE
2026-03-09,cell_2000m_1389_777,1389,777,2778000,1554000,2780000,1556000,28.8020223473604,12.280420042852773,6,hybrid,30,0,0,14,0,0,0,6,6,6,TRUE
2026-03-09,cell_2000m_1389_779,1389,779,2778000,1558000,2780000,1560000,28.8020223473604,12.312491286098227,4,hybrid,30,0,0,14,0,0,0,4,4,4,TRUE
2026-03-09,cell_2000m_1414_802,1414,802,2828000,1604000,2830000,1606000,29.32023073792104,12.681587863075867,8,hybrid,30,0,0,14,0,0,0,8,8,8,TRUE
2026-03-09,cell_2000m_1415_801,1415,801,2830000,1602000,2832000,1604000,29.340959073543466,12.665529453033614,4,hybrid,30,0,0,14,0,0,0,4,4,4,TRUE
2026-03-09,cell_2000m_1709_762,1709,762,3418000,1524000,3420000,1526000,35.4350897465366,12.04000630612352,5,hybrid,30,0,0,14,0,0,0,5,5,5,TRUE
2026-03-09,cell_2000m_1735_777,1735,777,3470000,1554000,3472000,1556000,35.974026472719665,12.280420042852773,5,hybrid,30,0,0,14,0,0,0,5,5,5,TRUE
2026-03-09,cell_2000m_1781_944,1781,944,3562000,1888000,3564000,1890000,36.92752991135124,14.972592364595728,6,hybrid,30,0,0,14,0,0,0,6,6,6,TRUE
2026-03-09,cell_2000m_1954_1811,1954,1811,3908000,3622000,3910000,3624000,40.513531974030876,29.6776557303279,5,hybrid,30,0,0,14,0,0,0,5,5,5,TRUE
2026-03-09,cell_2000m_2159_2005,2159,2005,4318000,4010000,4320000,4012000,44.76284077662813,33.23051592915801,7,hybrid,30,2,1,14,1.5,1,2,5,3.3724537973829762,3.7096991771212737,TRUE
2026-03-09,cell_2000m_2277_1966,2277,1966,4554000,3932000,4556000,3934000,47.208784380074356,32.505439392906226,9,hybrid,30,1.5,1.5,14,2,1,2,7,3.372453797382976,4.721435316336167,TRUE
2026-03-09,cell_2000m_2282_1857,2282,1857,4564000,3714000,4566000,3716000,47.312426058186475,30.50835906693413,4,hybrid,30,0,0,14,0,0,0,4,4,4,TRUE
2026-03-09,cell_2000m_2297_1852,2297,1852,4594000,3704000,4596000,3706000,47.62335109252287,30.41773173561138,6,hybrid,30,1,1,14,0,0,1,5,3.3724537973829762,6,TRUE
2026-03-09,cell_2000m_2299_1849,2299,1849,4598000,3698000,4600000,3700000,47.66480776376771,30.363394921762243,4,hybrid,30,0,0,14,0,0,0,4,4,4,TRUE
2026-03-09,cell_2000m_2301_1886,2301,1886,4602000,3772000,4604000,3774000,47.70626443501257,31.03564608806269,7,hybrid,30,1,1,14,2,1,2,5,4.046944556859572,3.3724537973829762,TRUE
2026-03-09,cell_2000m_2307_1908,2307,1908,4614000,3816000,4616000,3818000,47.83063444874711,31.437571822391952,9,hybrid,30,1,1,14,1,0,1,8,5.395926075812762,8,TRUE
2026-03-09,cell_2000m_2322_1884,2322,1884,4644000,3768000,4646000,3770000,48.141559483083505,30.999190118548963,14,hybrid,30,2,1,14,2.5,1.5,2.5,11.5,8.093889113719143,5.171095822653896,TRUE
2026-03-09,cell_2000m_2322_1885,2322,1885,4644000,3770000,4646000,3772000,48.141559483083505,31.01741639425317,7,hybrid,30,0,0,14,0,0,0,7,7,7,TRUE
2026-03-09,cell_2000m_2328_1871,2328,1871,4656000,3742000,4658000,3744000,48.26592949681806,30.762557874297382,6,hybrid,30,0,0,14,0,0,0,6,6,6,TRUE
2026-03-09,cell_2000m_2329_1871,2329,1871,4658000,3742000,4660000,3744000,48.28665783244049,30.762557874297382,11,hybrid,30,2,1,14,0,0,2,9,6.070416835289357,11,TRUE
2026-03-09,cell_2000m_2347_1907,2347,1907,4694000,3814000,4696000,3816000,48.65976787364414,31.419265966787176,4,hybrid,30,0,0,14,0,0,0,4,4,4,TRUE
2026-03-09,cell_2000m_2353_1928,2353,1928,4706000,3856000,4708000,3858000,48.7841378873787,31.804430434208758,7,hybrid,30,0,0,14,0,0,0,7,7,7,TRUE
2026-03-09,cell_2000m_2368_1942,2368,1942,4736000,3884000,4738000,3886000,49.09506292171508,32.06208281860924,9,hybrid,30,0,0,14,0,0,0,9,9,9,TRUE
2026-03-09,cell_2000m_2368_1955,2368,1955,4736000,3910000,4738000,3912000,49.09506292171508,32.301970308525284,7,hybrid,30,2,1,14,2,1,2,5,3.3724537973829762,3.3724537973829762,TRUE
2026-03-09,cell_2000m_2373_1691,2373,1691,4746000,3382000,4748000,3384000,49.19870459982722,27.541193508064147,4,hybrid,30,0,0,14,0,0,0,4,4,4,TRUE
2026-03-09,cell_2000m_2475_1957,2475,1957,4950000,3914000,4952000,3916000,51.31299483331462,32.33893127173919,5,hybrid,30,0,0,14,0,0,0,5,5,5,TRUE
2026-03-09,cell_2000m_2481_2127,2481,2127,4962000,4254000,4964000,4256000,51.437364847049174,35.53837221356856,7,hybrid,30,0,0,14,0,0,0,7,7,7,TRUE
2026-03-09,cell_2000m_2993_1884,2993,1884,5986000,3768000,5988000,3770000,62.0502726857311,30.999190118548963,5,hybrid,30,0,0,14,0,0,0,5,5,5,TRUE
2026-03-10,cell_2000m_1219_948,1219,948,2438000,1896000,2440000,1898000,25.278205291548044,15.0374568289543,6,hybrid,30,0,0,14,0,0,0,6,6,6,TRUE
2026-03-10,cell_2000m_1386_776,1386,776,2772000,1552000,2774000,1554000,28.73983734049312,12.264385849674381,5,hybrid,30,0,0,14,0,0,0,5,5,5,TRUE
2026-03-10,cell_2000m_1387_777,1387,777,2774000,1554000,2776000,1556000,28.76056567611555,12.280420042852773,4,hybrid,30,0,0,14,0,0,0,4,4,4,TRUE
2026-03-10,cell_2000m_1408_795,1408,795,2816000,1590000,2818000,1592000,29.19586072418649,12.569199640601422,6,hybrid,30,0,0,14,0,0,0,6,6,6,TRUE
2026-03-10,cell_2000m_1662_764,1662,764,3324000,1528000,3326000,1530000,34.4608579722826,12.072049266363306,4,hybrid,30,0,0,14,0,0,0,4,4,4,TRUE
2026-03-10,cell_2000m_1732_826,1732,826,3464000,1652000,3466000,1654000,35.91184146585239,13.067289072610084,4,hybrid,30,0,0,14,0,0,0,4,4,4,TRUE
2026-03-10,cell_2000m_1746_2187,1746,2187,3492000,4374000,3494000,4376000,36.202038164566346,36.69741463364855,7,hybrid,30,0,0,14,1,1,1,6,7,4.046944556859572,TRUE
2026-03-10,cell_2000m_1747_2189,1747,2189,3494000,4378000,3496000,4380000,36.222766500188776,36.736342617120584,4,hybrid,30,0,0,14,0.5,0.5,0.5,3.5,4,3.5,TRUE
2026-03-10,cell_2000m_2277_1966,2277,1966,4554000,3932000,4556000,3934000,47.208784380074356,32.505439392906226,12,hybrid,30,1.5,1.5,14,3,2,3,9,4.721435316336167,3.0352084176446783,TRUE
2026-03-10,cell_2000m_2299_1871,2299,1871,4598000,3742000,4600000,3744000,47.66480776376771,30.762557874297382,4,hybrid,30,0,0,14,0,0,0,4,4,4,TRUE
2026-03-10,cell_2000m_2303_1773,2303,1773,4606000,3546000,4608000,3548000,47.747721106257416,28.996468870611942,4,hybrid,30,0,0,14,0,0,0,4,4,4,TRUE
2026-03-10,cell_2000m_2314_1897,2314,1897,4628000,3794000,4630000,3796000,47.975732798104104,31.23639939756103,8,hybrid,30,2,1,14,0,0,2,6,4.046944556859572,8,TRUE
2026-03-10,cell_2000m_2322_1774,2322,1774,4644000,3548000,4646000,3550000,48.141559483083505,29.01433808545905,5,hybrid,30,0,0,14,0,0,0,5,5,5,TRUE
2026-03-10,cell_2000m_2322_1884,2322,1884,4644000,3768000,4646000,3770000,48.141559483083505,30.999190118548963,14,hybrid,30,2,1,14,2,1,2,12,8.093889113719143,8.093889113719143,TRUE
2026-03-10,cell_2000m_2322_1885,2322,1885,4644000,3770000,4646000,3772000,48.141559483083505,31.01741639425317,5,hybrid,30,0,0,14,0,0,0,5,5,5,TRUE
2026-03-10,cell_2000m_2328_1871,2328,1871,4656000,3742000,4658000,3744000,48.26592949681806,30.762557874297382,5,hybrid,30,0,0,14,0,0,0,5,5,5,TRUE
2026-03-10,cell_2000m_2329_1871,2329,1871,4658000,3742000,4660000,3744000,48.28665783244049,30.762557874297382,9,hybrid,30,2,1,14,1.5,1.5,2,7,4.721435316336167,3.372453797382976,TRUE
2026-03-10,cell_2000m_2344_1884,2344,1884,4688000,3768000,4690000,3770000,48.59758286677687,30.999190118548963,5,hybrid,30,0,0,14,0,0,0,5,5,5,TRUE
2026-03-10,cell_2000m_2346_1907,2346,1907,4692000,3814000,4694000,3816000,48.63903953802172,31.419265966787176,4,hybrid,30,0,0,14,0,0,0,4,4,4,TRUE
2026-03-10,cell_2000m_2347_1906,2347,1906,4694000,3812000,4696000,3814000,48.65976787364414,31.400963613460263,14,hybrid,30,5,2,14,3,1,5,9,3.0352084176446783,7.4193983542425475,TRUE
2026-03-10,cell_2000m_2349_1941,2349,1941,4698000,3882000,4700000,3884000,48.701224544889,32.043655539270155,4,hybrid,30,0,0,14,0,0,0,4,4,4,TRUE
2026-03-10,cell_2000m_2361_1896,2361,1896,4722000,3792000,4724000,3794000,48.949964572358105,31.21813185447611,16,hybrid,30,5.5,1.5,14,5.5,2,5.5,10.5,4.721435316336167,3.5410764872521248,TRUE
2026-03-10,cell_2000m_2368_1942,2368,1942,4736000,3884000,4738000,3886000,49.09506292171508,32.06208281860924,14,hybrid,30,0,0,14,0,0,0,14,14,14,TRUE
2026-03-10,cell_2000m_2368_1955,2368,1955,4736000,3910000,4738000,3912000,49.09506292171508,32.301970308525284,7,hybrid,30,2,1,14,2.5,1,2.5,4.5,3.3724537973829762,3.0352084176446783,TRUE
2026-03-10,cell_2000m_2369_1901,2369,1901,4738000,3802000,4740000,3804000,49.115791257337506,31.30950424538173,9,hybrid,30,2,1,14,1,1,2,7,4.721435316336167,5.395926075812762,TRUE
2026-03-10,cell_2000m_2379_1891,2379,1891,4758000,3782000,4760000,3784000,49.323074613561765,31.12684596091809,27,hybrid,30,8.5,3.5,14,9.5,2.5,9.5,17.5,3.5651654429477175,4.721435316336167,TRUE
2026-03-10,cell_2000m_2379_1892,2379,1892,4758000,3784000,4760000,3786000,49.323074613561765,31.14509624276639,15,hybrid,30,4,1,14,3,1,4,11,7.4193983542425475,8.093889113719143,TRUE
2026-03-10,cell_2000m_2390_1868,2390,1868,4780000,3736000,4782000,3738000,49.55108630540845,30.708031510046748,6,hybrid,30,1.5,0.5,14,1.5,0.5,1.5,4.5,4.5,4.5,TRUE
2026-03-10,cell_2000m_2398_1745,2398,1745,4796000,3490000,4798000,3492000,49.716912990387854,28.497347083995972,16,hybrid,30,3,2,14,0.5,0.5,3,13,4.384189936597869,15.5,TRUE
2026-03-10,cell_2000m_2400_1876,2400,1876,4800000,3752000,4802000,3754000,49.758369661632706,30.853502513589774,8,hybrid,30,2,1,14,1,0.5,2,6,4.046944556859572,7,TRUE
2026-03-10,cell_2000m_2402_1873,2402,1873,4804000,3746000,4806000,3748000,49.79982633287756,30.798925606650055,6,hybrid,30,1,1,14,1,0.5,1,5,3.3724537973829762,5,TRUE
2026-03-10,cell_2000m_2404_1854,2404,1854,4808000,3708000,4810000,3710000,49.84128300412241,30.45397275382316,8,hybrid,30,2,1,14,1,1,2,6,4.046944556859572,4.721435316336167,TRUE
2026-03-10,cell_2000m_2405_1847,2405,1847,4810000,3694000,4812000,3696000,49.86201133974483,30.327186812788188,4,hybrid,30,0,0,14,0,0,0,4,4,4,TRUE
2026-03-10,cell_2000m_2413_1860,2413,1860,4826000,3720000,4828000,3722000,50.02783802472424,30.56277521009571,5,hybrid,30,0,0,14,1,0.5,1,4,5,4,TRUE
2026-03-10,cell_2000m_2430_1816,2430,1816,4860000,3632000,4862000,3634000,50.38021973030547,29.767620422263338,4,hybrid,30,0,0,14,0.5,0.5,0.5,3.5,4,3.5,TRUE
2026-03-11,cell_2000m_1213_939,1213,939,2426000,1878000,2428000,1880000,25.15383527781349,14.891538691099365,4,hybrid,30,0,0,14,0,0,0,4,4,4,TRUE
2026-03-11,cell_2000m_1277_885,1277,885,2554000,1770000,2556000,1772000,26.480448757648727,14.018013064558625,4,hybrid,30,0,0,14,0,0,0,4,4,4,TRUE
2026-03-11,cell_2000m_1302_873,1302,873,2604000,1746000,2606000,1748000,26.998657148209375,13.824343035574417,4,hybrid,30,0,0,14,0,0,0,4,4,4,TRUE
2026-03-11,cell_2000m_1469_786,1469,786,2938000,1572000,2940000,1574000,30.460289197154452,12.424770781740877,4,hybrid,30,0,0,14,0,0,0,4,4,4,TRUE
2026-03-11,cell_2000m_1483_792,1483,792,2966000,1584000,2968000,1586000,30.750485895868408,12.521047944408249,4,hybrid,30,0,0,14,0,0,0,4,4,4,TRUE
2026-03-11,cell_2000m_1488_775,1488,775,2976000,1550000,2978000,1552000,30.854127573980534,12.248352606928815,4,hybrid,30,0,0,14,0,0,0,4,4,4,TRUE
2026-03-11,cell_2000m_1489_768,1489,768,2978000,1536000,2980000,1538000,30.874855909602964,12.13614640260033,4,hybrid,30,0,0,14,0,0,0,4,4,4,TRUE
2026-03-11,cell_2000m_1695_851,1695,851,3390000,1702000,3392000,1704000,35.14489304782264,13.46968697503477,4,hybrid,30,0,0,14,0,0,0,4,4,4,TRUE
2026-03-11,cell_2000m_1706_818,1706,818,3412000,1636000,3414000,1638000,35.37290473966932,12.938657621178402,5,hybrid,30,0,0,14,0,0,0,5,5,5,TRUE
2026-03-11,cell_2000m_1730_821,1730,821,3460000,1642000,3462000,1644000,35.87038479460754,12.98688680294277,4,hybrid,30,0,0,14,0,0,0,4,4,4,TRUE
2026-03-11,cell_2000m_1747_2189,1747,2189,3494000,4378000,3496000,4380000,36.222766500188776,36.736342617120584,4,hybrid,30,0,0,14,0,0,0,4,4,4,TRUE
2026-03-11,cell_2000m_1765_802,1765,802,3530000,1604000,3532000,1606000,36.595876541392435,12.681587863075867,5,hybrid,30,0,0,14,0,0,0,5,5,5,TRUE
2026-03-11,cell_2000m_1798_857,1798,857,3596000,1714000,3598000,1716000,37.27991161693248,13.56635994950759,7,hybrid,30,0,0,14,0,0,0,7,7,7,TRUE
2026-03-11,cell_2000m_1837_846,1837,846,3674000,1692000,3676000,1694000,38.08831670620708,13.389155252899211,5,hybrid,30,0,0,14,0,0,0,5,5,5,TRUE
2026-03-11,cell_2000m_2322_1884,2322,1884,4644000,3768000,4646000,3770000,48.141559483083505,30.999190118548963,15,hybrid,30,2,1,14,2,1,2,13,8.768379873195737,8.768379873195737,TRUE
2026-03-11,cell_2000m_2327_1936,2327,1936,4654000,3872000,4656000,3874000,48.24520116119563,31.95157362178814,5,hybrid,30,0,0,14,0,0,0,5,5,5,TRUE
2026-03-11,cell_2000m_2329_1871,2329,1871,4658000,3742000,4660000,3744000,48.28665783244049,30.762557874297382,9,hybrid,30,2,1,14,2,1.5,2,7,4.721435316336167,3.147623544224111,TRUE
2026-03-11,cell_2000m_2368_1942,2368,1942,4736000,3884000,4738000,3886000,49.09506292171508,32.06208281860924,5,hybrid,30,0,0,14,0.5,0.5,0.5,4.5,5,4.5,TRUE
2026-03-11,cell_2000m_2413_1860,2413,1860,4826000,3720000,4828000,3722000,50.02783802472424,30.56277521009571,4,hybrid,30,0,0,14,1,0.5,1,3,4,3,TRUE
2026-03-11,cell_2000m_2443_1831,2443,1831,4886000,3662000,4888000,3664000,50.649688093397,30.03799162172012,6,hybrid,30,0,0,14,0,0,0,6,6,6,TRUE
2026-03-11,cell_2000m_2536_1692,2536,1692,5072000,3384000,5074000,3386000,52.57742330628259,27.55882520266557,13,hybrid,30,0,0,14,0,0,0,13,13,13,TRUE
2026-03-11,cell_2000m_2540_1689,2540,1689,5080000,3378000,5082000,3380000,52.660336648772294,27.505938424024173,4,hybrid,30,1,0,14,0.5,0.5,1,3,3,3.5,TRUE
2026-03-11,cell_2000m_2604_1064,2604,1064,5208000,2128000,5210000,2130000,53.98695012860753,16.927304073461215,5,hybrid,30,0,0,14,0,0,0,5,5,5,TRUE
2026-03-11,cell_2000m_2604_1065,2604,1065,5208000,2130000,5210000,2132000,53.98695012860753,16.943673414733677,4,hybrid,30,0,0,14,0,0,0,4,4,4,TRUE
2026-03-11,cell_2000m_2605_1064,2605,1064,5210000,2128000,5212000,2130000,54.007678464229954,16.927304073461215,10,hybrid,30,0,0,14,0,0,0,10,10,10,TRUE
2026-03-11,cell_2000m_2605_1065,2605,1065,5210000,2130000,5212000,2132000,54.007678464229954,16.943673414733677,8,hybrid,30,0,0,14,0,0,0,8,8,8,TRUE
2026-03-11,cell_2000m_2620_1491,2620,1491,5240000,2982000,5242000,2984000,54.31860349856634,24.066774674995372,4,hybrid,30,0.5,0.5,14,0,0,0.5,3.5,3.5,4,TRUE
2026-03-11,cell_2000m_2683_1544,2683,1544,5366000,3088000,5368000,3090000,55.624488642779156,24.977951764832774,10,hybrid,30,1,1,14,0,0,1,9,6.070416835289357,10,TRUE
2026-03-12,cell_2000m_1166_818,1166,818,2332000,1636000,2334000,1638000,24.179603503559488,12.938657621178402,6,hybrid,30,0,0,14,0,0,0,6,6,6,TRUE
2026-03-12,cell_2000m_1214_939,1214,939,2428000,1878000,2430000,1880000,25.174563613435918,14.891538691099365,8,hybrid,30,0,0,14,0,0,0,8,8,8,TRUE
2026-03-12,cell_2000m_1293_877,1293,877,2586000,1754000,2588000,1756000,26.81210212760754,13.888882153381674,4,hybrid,30,0,0,14,0,0,0,4,4,4,TRUE
2026-03-12,cell_2000m_1302_873,1302,873,2604000,1746000,2606000,1748000,26.998657148209375,13.824343035574417,4,hybrid,30,0,0,14,0,0,0,4,4,4,TRUE
2026-03-12,cell_2000m_1385_817,1385,817,2770000,1634000,2772000,1636000,28.719109004870695,12.922583248680644,4,hybrid,30,0,0,14,0,0,0,4,4,4,TRUE
2026-03-12,cell_2000m_1464_894,1464,894,2928000,1788000,2930000,1790000,30.356647519042326,14.163370084491612,4,hybrid,30,0,0,14,0,0,0,4,4,4,TRUE
2026-03-12,cell_2000m_1496_770,1496,770,2992000,1540000,2994000,1542000,31.01995425895994,12.168200600835531,4,hybrid,30,0,0,14,0,0,0,4,4,4,TRUE
2026-03-12,cell_2000m_1516_1407,1516,1407,3032000,2814000,3034000,2816000,31.434520971408453,22.635378500942625,4,hybrid,30,0,0,14,0,0,0,4,4,4,TRUE
2026-03-12,cell_2000m_1589_837,1589,837,3178000,1674000,3180000,1676000,32.94768947184552,13.24426418552819,5,hybrid,30,0,0,14,0,0,0,5,5,5,TRUE
2026-03-12,cell_2000m_1613_760,1613,760,3226000,1520000,3228000,1522000,33.445169526783744,12.007967069663078,6,hybrid,30,0,0,14,0,0,0,6,6,6,TRUE
2026-03-12,cell_2000m_1643_1038,1643,1038,3286000,2076000,3288000,2078000,34.06701959545651,16.502183646524546,4,hybrid,30,0,0,14,0,0,0,4,4,4,TRUE
2026-03-12,cell_2000m_1652_847,1652,847,3304000,1694000,3306000,1696000,34.25357461605834,13.405259491389991,4,hybrid,30,0,0,14,0,0,0,4,4,4,TRUE
2026-03-12,cell_2000m_1675_762,1675,762,3350000,1524000,3352000,1526000,34.73032633537413,12.04000630612352,4,hybrid,30,0,0,14,0,0,0,4,4,4,TRUE
2026-03-12,cell_2000m_1703_791,1703,791,3406000,1582000,3408000,1584000,35.31071973280205,12.504999326645908,5,hybrid,30,0,0,14,0,0,0,5,5,5,TRUE
2026-03-12,cell_2000m_1705_872,1705,872,3410000,1744000,3412000,1746000,35.352176404046894,13.808210983646658,4,hybrid,30,0,0,14,0,0,0,4,4,4,TRUE
2026-03-12,cell_2000m_1729_804,1729,804,3458000,1608000,3460000,1610000,35.84965645898511,12.713707645584703,4,hybrid,30,0,0,14,0,0,0,4,4,4,TRUE
2026-03-12,cell_2000m_1752_787,1752,787,3504000,1574000,3506000,1576000,36.326408178300895,12.440814556222637,4,hybrid,30,0,0,14,0,0,0,4,4,4,TRUE
2026-03-12,cell_2000m_1783_946,1783,946,3566000,1892000,3568000,1894000,36.968986582596095,15.005022197869208,4,hybrid,30,0,0,14,0,0,0,4,4,4,TRUE
2026-03-12,cell_2000m_2268_1511,2268,1511,4536000,3022000,4538000,3024000,47.022229359472526,24.40985747839244,4,hybrid,30,0,0,14,1,0,1,3,4,3,TRUE
2026-03-12,cell_2000m_2369_1853,2369,1853,4738000,3706000,4740000,3708000,49.115791257337506,30.43585059474499,7,hybrid,30,1,1,14,1,1,1,6,4.046944556859572,4.046944556859572,TRUE
2026-03-12,cell_2000m_2391_1664,2391,1664,4782000,3328000,4784000,3330000,49.57181464103087,27.066174931196954,5,hybrid,30,0,0,14,0,0,0,5,5,5,TRUE
2026-03-12,cell_2000m_2427_1785,2427,1785,4854000,3570000,4856000,3572000,50.318034723438195,29.21110002615679,7,hybrid,30,1,1,14,1,1,1,6,4.046944556859572,4.046944556859572,TRUE
2026-03-12,cell_2000m_2725_1389,2725,1389,5450000,2778000,5452000,2780000,56.49507873892103,22.33057233522509,5,hybrid,30,1.5,0.5,14,0,0,1.5,3.5,3.5,5,TRUE
2026-03-12,cell_2000m_2742_1363,2742,1363,5484000,2726000,5486000,2728000,56.84746044450226,21.891439937523728,6,hybrid,30,2.5,0.5,14,1,0,2.5,3.5,3.5,5,TRUE
2026-03-12,cell_2000m_2753_1366,2753,1366,5506000,2732000,5508000,2734000,57.07547213634895,21.94204112597003,9,hybrid,30,2,1,14,2,1,2,7,4.721435316336167,4.721435316336167,TRUE
2026-03-13,cell_2000m_1159_822,1159,822,2318000,1644000,2320000,1646000,24.03450515420251,13.002965223053272,5,hybrid,30,0,0,14,0,0,0,5,5,5,TRUE
2026-03-13,cell_2000m_1293_878,1293,878,2586000,1756000,2588000,1758000,26.81210212760754,13.90501966773225,8,hybrid,30,0,0,14,0,0,0,8,8,8,TRUE
2026-03-13,cell_2000m_1326_780,1326,780,2652000,1560000,2654000,1562000,27.496137203147587,12.328528338962215,15,hybrid,30,0,0,14,0,0,0,15,15,15,TRUE
2026-03-13,cell_2000m_1370_765,1370,765,2740000,1530000,2742000,1532000,28.408183970534314,12.088072146369397,4,hybrid,30,0,0,14,0,0,0,4,4,4,TRUE
2026-03-13,cell_2000m_1398_816,1398,816,2796000,1632000,2798000,1634000,28.988577367962233,12.906509884513996,12,hybrid,30,0,0,14,0,0,0,12,12,12,TRUE
2026-03-13,cell_2000m_1401_812,1401,812,2802000,1624000,2804000,1626000,29.050762374829507,12.842226482624689,4,hybrid,30,0,0,14,0,0,0,4,4,4,TRUE
2026-03-13,cell_2000m_1402_812,1402,812,2804000,1624000,2806000,1626000,29.071490710451936,12.842226482624689,5,hybrid,30,0,0,14,0,0,0,5,5,5,TRUE
2026-03-13,cell_2000m_1404_806,1404,806,2808000,1612000,2810000,1614000,29.112947381696785,12.74583138744022,7,hybrid,30,0,0,14,0,0,0,7,7,7,TRUE
2026-03-13,cell_2000m_1437_768,1437,768,2874000,1536000,2876000,1538000,29.79698245723683,12.13614640260033,6,hybrid,30,0,0,14,0,0,0,6,6,6,TRUE
2026-03-13,cell_2000m_1464_796,1464,796,2928000,1592000,2930000,1594000,30.356647519042326,12.585252158333951,9,hybrid,30,0,0,14,0,0,0,9,9,9,TRUE
2026-03-13,cell_2000m_1464_894,1464,894,2928000,1788000,2930000,1790000,30.356647519042326,14.163370084491612,10,hybrid,30,0,0,14,0,0,0,10,10,10,TRUE
2026-03-13,cell_2000m_1464_895,1464,895,2928000,1790000,2930000,1792000,30.356647519042326,14.179526447943466,9,hybrid,30,0,0,14,0,0,0,9,9,9,TRUE
2026-03-13,cell_2000m_1465_796,1465,796,2930000,1592000,2932000,1594000,30.37737585466475,12.585252158333951,5,hybrid,30,0,0,14,0,0,0,5,5,5,TRUE
2026-03-13,cell_2000m_1588_786,1588,786,3176000,1572000,3178000,1574000,32.9269611362231,12.424770781740877,6,hybrid,30,0,0,14,0,0,0,6,6,6,TRUE
2026-03-13,cell_2000m_1619_777,1619,777,3238000,1554000,3240000,1556000,33.5695395405183,12.280420042852773,4,hybrid,30,0,0,14,0,0,0,4,4,4,TRUE
2026-03-13,cell_2000m_1668_787,1668,787,3336000,1574000,3338000,1576000,34.585227986017145,12.440814556222637,10,hybrid,30,0,0,14,0,0,0,10,10,10,TRUE
2026-03-13,cell_2000m_1713_868,1713,868,3426000,1736000,3428000,1738000,35.5180030890263,13.743693641847724,5,hybrid,30,0,0,14,0,0,0,5,5,5,TRUE
2026-03-13,cell_2000m_1713_869,1713,869,3426000,1738000,3428000,1740000,35.5180030890263,13.759821350352844,7,hybrid,30,0,0,14,0,0,0,7,7,7,TRUE
2026-03-13,cell_2000m_1766_823,1766,823,3532000,1646000,3534000,1648000,36.616604877014865,13.019044658642919,8,hybrid,30,0,0,14,0,0,0,8,8,8,TRUE
2026-03-13,cell_2000m_1770_798,1770,798,3540000,1596000,3542000,1598000,36.69951821950456,12.61736013076798,8,hybrid,30,0,0,14,0,0,0,8,8,8,TRUE
2026-03-13,cell_2000m_1775_792,1775,792,3550000,1584000,3552000,1586000,36.803159897616695,12.521047944408249,5,hybrid,30,0,0,14,0,0,0,5,5,5,TRUE
2026-03-13,cell_2000m_1794_814,1794,814,3588000,1628000,3590000,1630000,37.196998274442784,12.87436617546574,5,hybrid,30,0,0,14,0,0,0,5,5,5,TRUE
2026-03-13,cell_2000m_1815_923,1815,923,3630000,1846000,3632000,1848000,37.63229332251371,14.632365695821381,6,hybrid,30,0,0,14,0,0,0,6,6,6,TRUE
2026-03-13,cell_2000m_1816_922,1816,922,3632000,1844000,3634000,1846000,37.65302165813614,14.616177344787468,6,hybrid,30,0,0,14,0,0,0,6,6,6,TRUE
2026-03-13,cell_2000m_1816_924,1816,924,3632000,1848000,3634000,1850000,37.65302165813614,14.64855521115021,4,hybrid,30,0,0,14,0,0,0,4,4,4,TRUE
2026-03-13,cell_2000m_1817_922,1817,922,3634000,1844000,3636000,1846000,37.67374999375857,14.616177344787468,4,hybrid,30,0,0,14,0,0,0,4,4,4,TRUE
2026-03-13,cell_2000m_1817_923,1817,923,3634000,1846000,3636000,1848000,37.67374999375857,14.632365695821381,10,hybrid,30,0,0,14,0,0,0,10,10,10,TRUE
2026-03-13,cell_2000m_1817_924,1817,924,3634000,1848000,3636000,1850000,37.67374999375857,14.64855521115021,9,hybrid,30,0,0,14,0,0,0,9,9,9,TRUE
2026-03-13,cell_2000m_1829_860,1829,860,3658000,1720000,3660000,1722000,37.922490021227674,13.61471080903517,4,hybrid,30,0,0,14,0,0,0,4,4,4,TRUE
2026-03-13,cell_2000m_1831_848,1831,848,3662000,1696000,3664000,1698000,37.963946692472526,13.421364781396594,4,hybrid,30,0,0,14,0,0,0,4,4,4,TRUE
2026-03-13,cell_2000m_1924_1352,1924,1352,3848000,2704000,3850000,2706000,39.891681905358105,21.706051847706537,4,hybrid,30,0,0,14,0,0,0,4,4,4,TRUE
2026-03-13,cell_2000m_2343_1889,2343,1889,4686000,3778000,4688000,3780000,48.57685453115444,31.090355715877603,4,hybrid,30,0,0,14,0,0,0,4,4,4,TRUE
2026-03-13,cell_2000m_2391_1664,2391,1664,4782000,3328000,4784000,3330000,49.57181464103087,27.066174931196954,6,hybrid,30,0,0,14,0,0,0,6,6,6,TRUE
2026-03-13,cell_2000m_2418_1573,2418,1573,4836000,3146000,4838000,3148000,50.131479702836366,25.479311230823306,4,hybrid,30,0,0,14,0,0,0,4,4,4,TRUE
2026-03-13,cell_2000m_2486_1541,2486,1541,4972000,3082000,4974000,3084000,51.54100652516131,24.926201667464756,4,hybrid,30,0,0,14,0,0,0,4,4,4,TRUE
2026-03-13,cell_2000m_2953_1588,2953,1588,5906000,3176000,5908000,3178000,61.221139260834065,25.739436786813037,6,hybrid,30,0,0,14,0,0,0,6,6,6,TRUE
2026-03-14,cell_2000m_1172_807,1172,807,2344000,1614000,2346000,1616000,24.303973517294043,12.761894746668665,4,hybrid,30,0,0,14,0,0,0,4,4,4,TRUE
2026-03-14,cell_2000m_1244_913,1244,913,2488000,1826000,2490000,1828000,25.796413682108685,14.47053432870256,12,hybrid,30,0,0,14,0,0,0,12,12,12,TRUE
2026-03-14,cell_2000m_1244_914,1244,914,2488000,1828000,2490000,1830000,25.796413682108685,14.486712269250232,9,hybrid,30,0,0,14,0,0,0,9,9,9,TRUE
2026-03-14,cell_2000m_1245_913,1245,913,2490000,1826000,2492000,1828000,25.81714201773111,14.47053432870256,6,hybrid,30,0,0,14,0,0,0,6,6,6,TRUE
2026-03-14,cell_2000m_1280_941,1280,941,2560000,1882000,2562000,1884000,26.542633764516008,14.923956583661045,7,hybrid,30,0,0,14,0,0,0,7,7,7,TRUE
2026-03-14,cell_2000m_1313_794,1313,794,2626000,1588000,2628000,1590000,27.226668840056053,12.553148099976553,4,hybrid,30,0,0,14,0,0,0,4,4,4,TRUE
2026-03-14,cell_2000m_1313_795,1313,795,2626000,1590000,2628000,1592000,27.226668840056053,12.569199640601422,5,hybrid,30,0,0,14,0,0,0,5,5,5,TRUE
2026-03-14,cell_2000m_1326_780,1326,780,2652000,1560000,2654000,1562000,27.496137203147587,12.328528338962215,8,hybrid,30,0,0,14,0,0,0,8,8,8,TRUE
2026-03-14,cell_2000m_1371_766,1371,766,2742000,1532000,2744000,1534000,28.42891230615674,12.104095961484472,4,hybrid,30,0,0,14,0,0,0,4,4,4,TRUE
2026-03-14,cell_2000m_1384_776,1384,776,2768000,1552000,2770000,1554000,28.698380669248273,12.264385849674381,5,hybrid,30,0,0,14,0,0,0,5,5,5,TRUE
2026-03-14,cell_2000m_1397_815,1397,815,2794000,1630000,2796000,1632000,28.967849032339807,12.890437527251198,9,hybrid,30,0,0,14,0,0,0,9,9,9,TRUE
2026-03-14,cell_2000m_1404_895,1404,895,2808000,1790000,2810000,1792000,29.112947381696785,14.179526447943466,4,hybrid,30,0,0,14,0,0,0,4,4,4,TRUE
2026-03-14,cell_2000m_1408_760,1408,760,2816000,1520000,2818000,1522000,29.19586072418649,12.007967069663078,4,hybrid,30,0,0,14,0,0,0,4,4,4,TRUE
2026-03-14,cell_2000m_1415_810,1415,810,2830000,1620000,2832000,1622000,29.340959073543466,12.81009079459425,4,hybrid,30,0,0,14,0,0,0,4,4,4,TRUE
2026-03-14,cell_2000m_1431_909,1431,909,2862000,1818000,2864000,1820000,29.672612443502274,14.405834043069037,4,hybrid,30,0,0,14,0,0,0,4,4,4,TRUE
2026-03-14,cell_2000m_1432_907,1432,907,2864000,1814000,2866000,1816000,29.693340779124703,14.373490765095413,5,hybrid,30,0,0,14,0,0,0,5,5,5,TRUE
2026-03-14,cell_2000m_1434_906,1434,906,2868000,1812000,2870000,1814000,29.734797450369552,14.357320837052963,9,hybrid,30,0,0,14,0,0,0,9,9,9,TRUE
2026-03-14,cell_2000m_1465_894,1465,894,2930000,1788000,2932000,1790000,30.37737585466475,14.163370084491612,4,hybrid,30,0,0,14,0,0,0,4,4,4,TRUE
2026-03-14,cell_2000m_1482_789,1482,789,2964000,1578000,2966000,1580000,30.729757560245982,12.47290500412315,4,hybrid,30,0,0,14,0,0,0,4,4,4,TRUE
2026-03-14,cell_2000m_1514_763,1514,763,3028000,1526000,3030000,1528000,31.393064300163605,12.056027320077384,7,hybrid,30,0,0,14,0,0,0,7,7,7,TRUE
2026-03-14,cell_2000m_1529_763,1529,763,3058000,1526000,3060000,1528000,31.70398933449999,12.056027320077384,4,hybrid,30,0,0,14,0,0,0,4,4,4,TRUE
2026-03-14,cell_2000m_1586_820,1586,820,3172000,1640000,3174000,1642000,32.885504464978254,12.970809396880252,5,hybrid,30,0,0,14,0,0,0,5,5,5,TRUE
2026-03-14,cell_2000m_1613_804,1613,804,3226000,1608000,3228000,1610000,33.445169526783744,12.713707645584703,9,hybrid,30,0,0,14,0,0,0,9,9,9,TRUE
2026-03-14,cell_2000m_1614_804,1614,804,3228000,1608000,3230000,1610000,33.465897862406166,12.713707645584703,4,hybrid,30,0,0,14,0,0,0,4,4,4,TRUE
2026-03-14,cell_2000m_1638_798,1638,798,3276000,1596000,3278000,1598000,33.96337791734439,12.61736013076798,9,hybrid,30,0,0,14,0,0,0,9,9,9,TRUE
2026-03-14,cell_2000m_1659_798,1659,798,3318000,1596000,3320000,1598000,34.398672965415315,12.61736013076798,7,hybrid,30,0,0,14,0,0,0,7,7,7,TRUE
2026-03-14,cell_2000m_1664_793,1664,793,3328000,1586000,3330000,1588000,34.50231464352745,12.537097535048767,4,hybrid,30,0,0,14,0,0,0,4,4,4,TRUE
2026-03-14,cell_2000m_1668_785,1668,785,3336000,1570000,3338000,1572000,34.585227986017145,12.408727971698326,5,hybrid,30,0,0,14,0,0,0,5,5,5,TRUE
2026-03-14,cell_2000m_1678_800,1678,800,3356000,1600000,3358000,1602000,34.792511342241404,12.649472028578128,4,hybrid,30,0,0,14,0,0,0,4,4,4,TRUE
2026-03-14,cell_2000m_1703_769,1703,769,3406000,1538000,3408000,1540000,35.31071973280205,12.15217303138228,5,hybrid,30,0,0,14,0,0,0,5,5,5,TRUE
2026-03-14,cell_2000m_1704_866,1704,866,3408000,1732000,3410000,1734000,35.33144806842447,13.711441469909001,5,hybrid,30,0,0,14,0,0,0,5,5,5,TRUE
2026-03-14,cell_2000m_1731_889,1731,889,3462000,1778000,3464000,1780000,35.89111313022997,14.08260504738254,4,hybrid,30,0,0,14,0,0,0,4,4,4,TRUE
2026-03-14,cell_2000m_1738_789,1738,789,3476000,1578000,3478000,1580000,36.036211479586946,12.47290500412315,4,hybrid,30,0,0,14,0,0,0,4,4,4,TRUE
2026-03-14,cell_2000m_1746_884,1746,884,3492000,1768000,3494000,1770000,36.202038164566346,14.001867840754212,6,hybrid,30,0,0,14,0,0,0,6,6,6,TRUE
2026-03-14,cell_2000m_1765_824,1765,824,3530000,1648000,3532000,1650000,36.595876541392435,13.035125111143655,4,hybrid,30,0,0,14,0,0,0,4,4,4,TRUE
2026-03-14,cell_2000m_1798_858,1798,858,3596000,1716000,3598000,1718000,37.27991161693248,13.582475834664148,6,hybrid,30,0,0,14,0,0,0,6,6,6,TRUE
2026-03-14,cell_2000m_1818_921,1818,921,3636000,1842000,3638000,1844000,37.69447832938099,14.599990156531161,7,hybrid,30,0,0,14,0,0,0,7,7,7,TRUE
2026-03-14,cell_2000m_1818_923,1818,923,3636000,1846000,3638000,1848000,37.69447832938099,14.632365695821381,8,hybrid,30,0,0,14,0,0,0,8,8,8,TRUE
2026-03-14,cell_2000m_1818_925,1818,925,3636000,1850000,3638000,1852000,37.69447832938099,14.664745892292181,6,hybrid,30,0,0,14,0,0,0,6,6,6,TRUE
2026-03-14,cell_2000m_1819_925,1819,925,3638000,1850000,3640000,1852000,37.71520666500342,14.664745892292181,5,hybrid,30,0,0,14,0,0,0,5,5,5,TRUE
2026-03-14,cell_2000m_1846_1484,1846,1484,3692000,2968000,3694000,2970000,38.27487172680891,23.94690804499162,4,hybrid,30,0.5,0.5,14,0,0,0.5,3.5,3.5,4,TRUE
2026-03-14,cell_2000m_1902_1402,1902,1402,3804000,2804000,3806000,2806000,39.43565852166474,22.55064425055688,4,hybrid,30,1,0,14,1,0,1,3,3,3,TRUE
2026-03-14,cell_2000m_2303_1774,2303,1774,4606000,3548000,4608000,3550000,47.747721106257416,29.01433808545905,5,hybrid,30,0,0,14,0,0,0,5,5,5,TRUE
2026-03-14,cell_2000m_2397_1599,2397,1599,4794000,3198000,4796000,3200000,49.696184654765425,25.930549779223078,8,hybrid,30,1,1,14,1,1,1,7,4.721435316336167,4.721435316336167,TRUE
2026-03-14,cell_2000m_2418_1573,2418,1573,4836000,3146000,4838000,3148000,50.131479702836366,25.479311230823306,5,hybrid,30,0,0,14,0,0,0,5,5,5,TRUE
2026-03-14,cell_2000m_2420_1582,2420,1582,4840000,3164000,4842000,3166000,50.17293637408122,25.6353200816364,6,hybrid,30,0,0,14,0,0,0,6,6,6,TRUE
2026-03-14,cell_2000m_2422_1565,2422,1565,4844000,3130000,4846000,3132000,50.21439304532606,25.340802771261913,7,hybrid,30,2.5,0.5,14,0,0,2.5,4.5,4.5,7,TRUE
2026-03-14,cell_2000m_2427_1785,2427,1785,4854000,3570000,4856000,3572000,50.318034723438195,29.21110002615679,6,hybrid,30,1,1,14,1,0.5,1,5,3.3724537973829762,5,TRUE
2026-03-14,cell_2000m_2434_2104,2434,2104,4868000,4208000,4870000,4210000,50.46313307279517,35.098436707040754,5,hybrid,30,0,0,14,0,0,0,5,5,5,TRUE
2026-03-14,cell_2000m_2435_2104,2435,2104,4870000,4208000,4872000,4210000,50.4838614084176,35.098436707040754,10,hybrid,30,0,0,14,0,0,0,10,10,10,TRUE
2026-03-14,cell_2000m_2605_1064,2605,1064,5210000,2128000,5212000,2130000,54.007678464229954,16.927304073461215,5,hybrid,30,0,0,14,0,0,0,5,5,5,TRUE
2026-03-15,cell_2000m_1190_949,1190,949,2380000,1898000,2382000,1900000,24.677083558497706,15.053675947526918,4,hybrid,30,0,0,14,0,0,0,4,4,4,TRUE
2026-03-15,cell_2000m_1191_949,1191,949,2382000,1898000,2384000,1900000,24.697811894120125,15.053675947526918,7,hybrid,30,0,0,14,0,0,0,7,7,7,TRUE
2026-03-15,cell_2000m_1246_821,1246,821,2492000,1642000,2494000,1644000,25.83787035335354,12.98688680294277,4,hybrid,30,0,0,14,0,0,0,4,4,4,TRUE
2026-03-15,cell_2000m_1371_767,1371,767,2742000,1534000,2744000,1536000,28.42891230615674,12.120120713098038,4,hybrid,30,0,0,14,0,0,0,4,4,4,TRUE
2026-03-15,cell_2000m_1425_774,1425,774,2850000,1548000,2852000,1550000,29.548242429767722,12.232320313219414,4,hybrid,30,0,0,14,0,0,0,4,4,4,TRUE
2026-03-15,cell_2000m_1451_772,1451,772,2902000,1544000,2904000,1546000,30.08717915595079,12.200258567326085,4,hybrid,30,0,0,14,0,0,0,4,4,4,TRUE
2026-03-15,cell_2000m_1471_767,1471,767,2942000,1534000,2944000,1536000,30.501745868399304,12.120120713098038,5,hybrid,30,0,0,14,0,0,0,5,5,5,TRUE
2026-03-15,cell_2000m_1474_764,1474,764,2948000,1528000,2950000,1530000,30.563930875266575,12.072049266363306,12,hybrid,30,0,0,14,0,0,0,12,12,12,TRUE
2026-03-15,cell_2000m_1497_805,1497,805,2994000,1610000,2996000,1612000,31.040682594582368,12.729769020885179,4,hybrid,30,0,0,14,0,0,0,4,4,4,TRUE
2026-03-15,cell_2000m_1510_790,1510,790,3020000,1580000,3022000,1582000,31.3101509576739,12.488951680353406,6,hybrid,30,0,0,14,0,0,0,6,6,6,TRUE
2026-03-15,cell_2000m_1516_814,1516,814,3032000,1628000,3034000,1630000,31.434520971408453,12.87436617546574,5,hybrid,30,0,0,14,0,0,0,5,5,5,TRUE
2026-03-15,cell_2000m_1668_789,1668,789,3336000,1578000,3338000,1580000,34.585227986017145,12.47290500412315,4,hybrid,30,0,0,14,0,0,0,4,4,4,TRUE
2026-03-15,cell_2000m_1669_788,1669,788,3338000,1576000,3340000,1578000,34.605956321639574,12.456859296548267,4,hybrid,30,0,0,14,0,0,0,4,4,4,TRUE
2026-03-15,cell_2000m_1669_789,1669,789,3338000,1578000,3340000,1580000,34.605956321639574,12.47290500412315,5,hybrid,30,0,0,14,0,0,0,5,5,5,TRUE
2026-03-15,cell_2000m_1703_866,1703,866,3406000,1732000,3408000,1734000,35.31071973280205,13.711441469909001,7,hybrid,30,0,0,14,0,0,0,7,7,7,TRUE
2026-03-15,cell_2000m_1706_864,1706,864,3412000,1728000,3414000,1730000,35.37290473966932,13.679193614946154,4,hybrid,30,0,0,14,0,0,0,4,4,4,TRUE
2026-03-15,cell_2000m_1724_855,1724,855,3448000,1710000,3450000,1712000,35.74601478087298,13.53413137595149,4,hybrid,30,0,0,14,0,0,0,4,4,4,TRUE
2026-03-15,cell_2000m_1738_894,1738,894,3476000,1788000,3478000,1790000,36.036211479586946,14.163370084491612,6,hybrid,30,0,0,14,0,0,0,6,6,6,TRUE
2026-03-15,cell_2000m_1755_844,1755,844,3510000,1688000,3512000,1690000,36.388593185168176,13.356949924661466,4,hybrid,30,0,0,14,0,0,0,4,4,4,TRUE
2026-03-15,cell_2000m_1755_915,1755,915,3510000,1830000,3512000,1832000,36.388593185168176,14.502891360470285,9,hybrid,30,0,0,14,0,0,0,9,9,9,TRUE
2026-03-15,cell_2000m_1757_905,1757,905,3514000,1810000,3516000,1812000,36.43004985641303,14.341152047636239,6,hybrid,30,0,0,14,0,0,0,6,6,6,TRUE
2026-03-15,cell_2000m_1763_850,1763,850,3526000,1700000,3528000,1702000,36.554419870147584,13.453578521765824,4,hybrid,30,0,0,14,0,0,0,4,4,4,TRUE
2026-03-15,cell_2000m_1783_903,1783,903,3566000,1806000,3568000,1808000,36.968986582596095,14.308817878673874,4,hybrid,30,0,0,14,0,0,0,4,4,4,TRUE
2026-03-15,cell_2000m_1783_904,1783,904,3566000,1808000,3568000,1810000,36.968986582596095,14.324984395343494,5,hybrid,30,0,0,14,0,0,0,5,5,5,TRUE
2026-03-15,cell_2000m_1783_905,1783,905,3566000,1810000,3568000,1812000,36.968986582596095,14.341152047636239,4,hybrid,30,0,0,14,0,0,0,4,4,4,TRUE
2026-03-15,cell_2000m_1784_903,1784,903,3568000,1806000,3570000,1808000,36.989714918218525,14.308817878673874,20,hybrid,30,0,0,14,0,0,0,20,20,20,TRUE
2026-03-15,cell_2000m_1784_904,1784,904,3568000,1808000,3570000,1810000,36.989714918218525,14.324984395343494,20,hybrid,30,0,0,14,0,0,0,20,20,20,TRUE
2026-03-15,cell_2000m_1784_905,1784,905,3568000,1810000,3570000,1812000,36.989714918218525,14.341152047636239,14,hybrid,30,0,0,14,0,0,0,14,14,14,TRUE
2026-03-15,cell_2000m_1785_904,1785,904,3570000,1808000,3572000,1810000,37.01044325384095,14.324984395343494,9,hybrid,30,0,0,14,0,0,0,9,9,9,TRUE
2026-03-15,cell_2000m_1785_905,1785,905,3570000,1810000,3572000,1812000,37.01044325384095,14.341152047636239,7,hybrid,30,0,0,14,0,0,0,7,7,7,TRUE
2026-03-15,cell_2000m_1895_1320,1895,1320,3790000,2640000,3792000,2642000,39.290560172307764,21.16805563964428,4,hybrid,30,0,0,14,0,0,0,4,4,4,TRUE
2026-03-15,cell_2000m_2226_1397,2226,1397,4452000,2794000,4454000,2796000,46.151639263330644,22.465960816165214,4,hybrid,30,0,0,14,0,0,0,4,4,4,TRUE
2026-03-15,cell_2000m_2319_1489,2319,1489,4638000,2978000,4640000,2980000,48.07937447621622,24.03251591892216,4,hybrid,30,0,0,14,0,0,0,4,4,4,TRUE
2026-03-15,cell_2000m_2368_1490,2368,1490,4736000,2980000,4738000,2982000,49.09506292171508,24.04964417982097,4,hybrid,30,0,0,14,0,0,0,4,4,4,TRUE
2026-03-15,cell_2000m_2373_1539,2373,1539,4746000,3078000,4748000,3080000,49.19870459982722,24.891713403907445,8,hybrid,30,1,1,14,0,0,1,7,4.721435316336167,8,TRUE
2026-03-15,cell_2000m_2374_1671,2374,1671,4748000,3342000,4750000,3344000,49.21943293544964,27.189137260767115,8,hybrid,30,0,0,14,0,0,0,8,8,8,TRUE
2026-03-15,cell_2000m_2391_1664,2391,1664,4782000,3328000,4784000,3330000,49.57181464103087,27.066174931196954,8,hybrid,30,0,0,14,0,0,0,8,8,8,TRUE
2026-03-15,cell_2000m_2418_1573,2418,1573,4836000,3146000,4838000,3148000,50.131479702836366,25.479311230823306,6,hybrid,30,0,0,14,0,0,0,6,6,6,TRUE
2026-03-15,cell_2000m_2420_1583,2420,1583,4840000,3166000,4842000,3168000,50.17293637408122,25.65266668811798,6,hybrid,30,0,0,14,0,0,0,6,6,6,TRUE
2026-03-15,cell_2000m_2421_1565,2421,1565,4842000,3130000,4844000,3132000,50.19366470970364,25.340802771261913,12,hybrid,30,3,1,14,0,0,3,9,6.070416835289357,12,TRUE
2026-03-15,cell_2000m_2421_1566,2421,1566,4842000,3132000,4844000,3134000,50.19366470970364,25.35810782929601,5,hybrid,30,0,0,14,0,0,0,5,5,5,TRUE
2026-03-15,cell_2000m_2422_1565,2422,1565,4844000,3130000,4846000,3132000,50.21439304532606,25.340802771261913,7,hybrid,30,2.5,0.5,14,0,0,2.5,4.5,4.5,7,TRUE
2026-03-15,cell_2000m_2450_1572,2450,1572,4900000,3144000,4902000,3146000,50.79478644275398,25.461989155812432,4,hybrid,30,0,0,14,0,0,0,4,4,4,TRUE
2026-03-15,cell_2000m_2536_1692,2536,1692,5072000,3384000,5074000,3386000,52.57742330628259,27.55882520266557,4,hybrid,30,0,0,14,0,0,0,4,4,4,TRUE
2026-03-15,cell_2000m_2538_1680,2538,1680,5076000,3360000,5078000,3362000,52.61887997752744,27.347426995477694,5,hybrid,30,0,0,14,0,0,0,5,5,5,TRUE
2026-03-15,cell_2000m_2605_1064,2605,1064,5210000,2128000,5212000,2130000,54.007678464229954,16.927304073461215,4,hybrid,30,0,0,14,0,0,0,4,4,4,TRUE
2026-03-16,cell_2000m_1226_813,1226,813,2452000,1626000,2454000,1628000,25.423303640905026,12.858295827731887,7,hybrid,30,0,0,14,0,0,0,7,7,7,TRUE
2026-03-16,cell_2000m_1331_1877,1331,1877,2662000,3754000,2664000,3756000,27.599778881259713,30.87170157968272,4,hybrid,30,0,0,14,0,0,0,4,4,4,TRUE
2026-03-16,cell_2000m_1337_1868,1337,1868,2674000,3736000,2676000,3738000,27.72414889499427,30.708031510046748,4,hybrid,30,1,0.5,14,0,0,1,3,3,4,TRUE
2026-03-16,cell_2000m_1382_774,1382,774,2764000,1548000,2766000,1550000,28.656923998003425,12.232320313219414,6,hybrid,30,0,0,14,0,0,0,6,6,6,TRUE
2026-03-16,cell_2000m_1469_766,1469,766,2938000,1532000,2940000,1534000,30.460289197154452,12.104095961484472,5,hybrid,30,0,0,14,0,0,0,5,5,5,TRUE
2026-03-16,cell_2000m_1469_767,1469,767,2938000,1534000,2940000,1536000,30.460289197154452,12.120120713098038,6,hybrid,30,0,0,14,0,0,0,6,6,6,TRUE
2026-03-16,cell_2000m_1470_767,1470,767,2940000,1534000,2942000,1536000,30.48101753277687,12.120120713098038,4,hybrid,30,0,0,14,0,0,0,4,4,4,TRUE
2026-03-16,cell_2000m_1470_768,1470,768,2940000,1536000,2942000,1538000,30.48101753277687,12.13614640260033,7,hybrid,30,0,0,14,0,0,0,7,7,7,TRUE
2026-03-16,cell_2000m_1597_827,1597,827,3194000,1654000,3196000,1656000,33.11351615682492,13.083372584443588,6,hybrid,30,0,0,14,0,0,0,6,6,6,TRUE
2026-03-16,cell_2000m_1669_789,1669,789,3338000,1578000,3340000,1580000,34.605956321639574,12.47290500412315,6,hybrid,30,0,0,14,0,0,0,6,6,6,TRUE
2026-03-16,cell_2000m_1669_790,1669,790,3338000,1580000,3340000,1582000,34.605956321639574,12.488951680353406,10,hybrid,30,0,0,14,0,0,0,10,10,10,TRUE
2026-03-16,cell_2000m_1670_790,1670,790,3340000,1580000,3342000,1582000,34.626684657262004,12.488951680353406,5,hybrid,30,0,0,14,0,0,0,5,5,5,TRUE
2026-03-16,cell_2000m_1673_816,1673,816,3346000,1632000,3348000,1634000,34.68886966412928,12.906509884513996,5,hybrid,30,0,0,14,0,0,0,5,5,5,TRUE
2026-03-16,cell_2000m_1721_798,1721,798,3442000,1596000,3444000,1598000,35.6838297740057,12.61736013076798,4,hybrid,30,0,0,14,0,0,0,4,4,4,TRUE
2026-03-16,cell_2000m_1756_905,1756,905,3512000,1810000,3514000,1812000,36.409321520790606,14.341152047636239,4,hybrid,30,0,0,14,0,0,0,4,4,4,TRUE
2026-03-16,cell_2000m_1765_823,1765,823,3530000,1646000,3532000,1648000,36.595876541392435,13.019044658642919,4,hybrid,30,0,0,14,0,0,0,4,4,4,TRUE
2026-03-16,cell_2000m_2233_2031,2233,2031,4466000,4062000,4468000,4064000,46.29673761268763,33.717188071706595,5,hybrid,30,0,0,14,0,0,0,5,5,5,TRUE
2026-03-16,cell_2000m_2368_1942,2368,1942,4736000,3884000,4738000,3886000,49.09506292171508,32.06208281860924,8,hybrid,30,0,0,14,0,0,0,8,8,8,TRUE
2026-03-16,cell_2000m_2544_1494,2544,1494,5088000,2988000,5090000,2990000,52.743249991262,24.118179590108937,8,hybrid,30,0,0,14,0,0,0,8,8,8,TRUE
2026-03-16,cell_2000m_2605_1064,2605,1064,5210000,2128000,5212000,2130000,54.007678464229954,16.927304073461215,6,hybrid,30,0,0,14,0,0,0,6,6,6,TRUE
2026-03-16,cell_2000m_2613_1447,2613,1447,5226000,2894000,5228000,2896000,54.17350514920936,23.31511517661646,6,hybrid,30,1,1,14,1,1,1,5,3.3724537973829762,3.3724537973829762,TRUE
2026-03-16,cell_2000m_2671_1421,2671,1421,5342000,2842000,5344000,2844000,55.375748615310044,22.872907090449498,4,hybrid,30,0,0,14,0.5,0.5,0.5,3.5,4,3.5,TRUE
2026-03-16,cell_2000m_2683_1544,2683,1544,5366000,3088000,5368000,3090000,55.624488642779156,24.977951764832774,6,hybrid,30,1,1,14,0,0,1,5,3.3724537973829762,6,TRUE
2026-03-17,cell_2000m_1382_774,1382,774,2764000,1548000,2766000,1550000,28.656923998003425,12.232320313219414,4,hybrid,30,0,0,14,0,0,0,4,4,4,TRUE
2026-03-17,cell_2000m_1409_829,1409,829,2818000,1658000,2820000,1660000,29.216589059808914,13.115542677486614,4,hybrid,30,0,0,14,0,0,0,4,4,4,TRUE
2026-03-17,cell_2000m_1453_773,1453,773,2906000,1546000,2908000,1548000,30.12863582719564,12.216288967150243,4,hybrid,30,0,0,14,0,0,0,4,4,4,TRUE
2026-03-17,cell_2000m_1453_774,1453,774,2906000,1548000,2908000,1550000,30.12863582719564,12.232320313219414,4,hybrid,30,0,0,14,0,0,0,4,4,4,TRUE
2026-03-17,cell_2000m_1468_769,1468,769,2936000,1538000,2938000,1540000,30.439560861532023,12.15217303138228,4,hybrid,30,0,0,14,0,0,0,4,4,4,TRUE
2026-03-17,cell_2000m_1468_770,1468,770,2936000,1540000,2938000,1542000,30.439560861532023,12.168200600835531,5,hybrid,30,0,0,14,0,0,0,5,5,5,TRUE
2026-03-17,cell_2000m_1615_810,1615,810,3230000,1620000,3232000,1622000,33.48662619802859,12.81009079459425,6,hybrid,30,0,0,14,0,0,0,6,6,6,TRUE
2026-03-17,cell_2000m_1705_856,1705,856,3410000,1712000,3412000,1714000,35.352176404046894,13.550245130423146,4,hybrid,30,0,0,14,0,0,0,4,4,4,TRUE
2026-03-17,cell_2000m_1713_862,1713,862,3426000,1724000,3428000,1726000,35.5180030890263,13.646950065227589,4,hybrid,30,0,0,14,0,0,0,4,4,4,TRUE
2026-03-17,cell_2000m_1737_790,1737,790,3474000,1580000,3476000,1582000,36.015483143964516,12.488951680353406,5,hybrid,30,0,0,14,0,0,0,5,5,5,TRUE
2026-03-17,cell_2000m_1744_879,1744,879,3488000,1758000,3490000,1760000,36.160581493321494,13.921158278995216,4,hybrid,30,0,0,14,0,0,0,4,4,4,TRUE
2026-03-17,cell_2000m_1791_870,1791,870,3582000,1740000,3584000,1742000,37.1348132675755,13.7759501425074,4,hybrid,30,0,0,14,0,0,0,4,4,4,TRUE
2026-03-17,cell_2000m_2368_1942,2368,1942,4736000,3884000,4738000,3886000,49.09506292171508,32.06208281860924,5,hybrid,30,0,0,14,0,0,0,5,5,5,TRUE
2026-03-17,cell_2000m_2391_1664,2391,1664,4782000,3328000,4784000,3330000,49.57181464103087,27.066174931196954,4,hybrid,30,0,0,14,0,0,0,4,4,4,TRUE
2026-03-17,cell_2000m_2427_1785,2427,1785,4854000,3570000,4856000,3572000,50.318034723438195,29.21110002615679,9,hybrid,30,1,1,14,0,0,1,8,5.395926075812762,9,TRUE
2026-03-17,cell_2000m_2470_2114,2470,2114,4940000,4228000,4942000,4230000,51.2093531552025,35.28942435951148,4,hybrid,30,0,0,14,0,0,0,4,4,4,TRUE
2026-03-17,cell_2000m_2535_1692,2535,1692,5070000,3384000,5072000,3386000,52.55669497066016,27.55882520266557,4,hybrid,30,1,0.5,14,0,0,1,3,3,4,TRUE
2026-03-17,cell_2000m_2658_1149,2658,1149,5316000,2298000,5318000,2300000,55.10628025221851,18.323827401257187,9,hybrid,30,3,1,14,1.5,1.5,3,6,4.046944556859572,3.372453797382976,TRUE
2026-03-17,cell_2000m_2671_1421,2671,1421,5342000,2842000,5344000,2844000,55.375748615310044,22.872907090449498,6,hybrid,30,0,0,14,0.5,0.5,0.5,5.5,6,5.5,TRUE
2026-03-17,cell_2000m_2718_1557,2718,1557,5436000,3114000,5438000,3116000,56.349980389564045,25.20244923351353,5,hybrid,30,0,0,14,0,0,0,5,5,5,TRUE
2026-03-17,cell_2000m_2724_1388,2724,1388,5448000,2776000,5450000,2778000,56.4743504032986,22.313657817084696,5,hybrid,30,0,0,14,0,0,0,5,5,5,TRUE
2026-03-17,cell_2000m_2841_1980,2841,1980,5682000,3960000,5684000,3962000,58.8995656711224,32.7650554320317,4,hybrid,30,0,0,14,0,0,0,4,4,4,TRUE
2026-03-18,cell_2000m_1589_829,1589,829,3178000,1658000,3180000,1660000,32.94768947184552,13.115542677486614,5,hybrid,30,0,0,14,0,0,0,5,5,5,TRUE
2026-03-18,cell_2000m_1593_831,1593,831,3186000,1662000,3188000,1664000,33.030602814335225,13.14771687260742,7,hybrid,30,0,0,14,0,0,0,7,7,7,TRUE
2026-03-18,cell_2000m_1597_828,1597,828,3194000,1656000,3196000,1658000,33.11351615682492,13.099457118923809,6,hybrid,30,0,0,14,0,0,0,6,6,6,TRUE
2026-03-18,cell_2000m_1701_868,1701,868,3402000,1736000,3404000,1738000,35.26926306155719,13.743693641847724,5,hybrid,30,0,0,14,0,0,0,5,5,5,TRUE
2026-03-18,cell_2000m_1961_791,1961,791,3922000,1582000,3924000,1584000,40.658630323387854,12.504999326645908,4,hybrid,30,0,0,14,0,0,0,4,4,4,TRUE
2026-03-18,cell_2000m_2368_1942,2368,1942,4736000,3884000,4738000,3886000,49.09506292171508,32.06208281860924,4,hybrid,30,0,0,14,0,0,0,4,4,4,TRUE
2026-03-18,cell_2000m_2418_1573,2418,1573,4836000,3146000,4838000,3148000,50.131479702836366,25.479311230823306,4,hybrid,30,0,0,14,0,0,0,4,4,4,TRUE
2026-03-18,cell_2000m_2722_1629,2722,1629,5444000,3258000,5446000,3260000,56.432893732053756,26.45332124768832,4,hybrid,30,0,0,14,0,0,0,4,4,4,TRUE
2026-03-19,cell_2000m_1194_965,1194,965,2388000,1930000,2390000,1932000,24.759996900987407,15.313346650514356,4,hybrid,30,0,0,14,0,0,0,4,4,4,TRUE
2026-03-19,cell_2000m_1195_964,1195,964,2390000,1928000,2392000,1930000,24.78072523660983,15.297108081029057,5,hybrid,30,0,0,14,0,0,0,5,5,5,TRUE
2026-03-19,cell_2000m_1195_965,1195,965,2390000,1930000,2392000,1932000,24.78072523660983,15.313346650514356,6,hybrid,30,0,0,14,0,0,0,6,6,6,TRUE
2026-03-19,cell_2000m_1240_925,1240,925,2480000,1850000,2482000,1852000,25.713500339618985,14.664745892292181,12,hybrid,30,0,0,14,0,0,0,12,12,12,TRUE
2026-03-19,cell_2000m_1240_926,1240,926,2480000,1852000,2482000,1854000,25.713500339618985,14.68093774076648,5,hybrid,30,0,0,14,0,0,0,5,5,5,TRUE
2026-03-19,cell_2000m_1574_1614,1574,1614,3148000,3228000,3150000,3230000,32.63676443750914,26.19164857024574,4,hybrid,30,0,0,14,0,0,0,4,4,4,TRUE
2026-03-19,cell_2000m_1688_819,1688,819,3376000,1638000,3378000,1640000,34.999794698465664,12.954733003435328,6,hybrid,30,0,0,14,0,0,0,6,6,6,TRUE
2026-03-20,cell_2000m_1164_827,1164,827,2328000,1654000,2330000,1656000,24.138146832314636,13.083372584443588,4,hybrid,30,0,0,14,0,0,0,4,4,4,TRUE
2026-03-20,cell_2000m_1194_967,1194,967,2388000,1934000,2390000,1936000,24.759996900987407,15.345827477685116,4,hybrid,30,0,0,14,0,0,0,4,4,4,TRUE
2026-03-20,cell_2000m_1195_966,1195,966,2390000,1932000,2392000,1934000,24.78072523660983,15.329586448880141,5,hybrid,30,0,0,14,0,0,0,5,5,5,TRUE
2026-03-20,cell_2000m_1196_966,1196,966,2392000,1932000,2394000,1934000,24.801453572232255,15.329586448880141,7,hybrid,30,0,0,14,0,0,0,7,7,7,TRUE
2026-03-20,cell_2000m_1358_770,1358,770,2716000,1540000,2718000,1542000,28.159443943065206,12.168200600835531,4,hybrid,30,0,0,14,0,0,0,4,4,4,TRUE
2026-03-20,cell_2000m_1359_770,1359,770,2718000,1540000,2720000,1542000,28.18017227868763,12.168200600835531,5,hybrid,30,0,0,14,0,0,0,5,5,5,TRUE
2026-03-20,cell_2000m_1359_771,1359,771,2718000,1542000,2720000,1544000,28.18017227868763,12.184229112352446,5,hybrid,30,0,0,14,0,0,0,5,5,5,TRUE
2026-03-20,cell_2000m_1360_771,1360,771,2720000,1542000,2722000,1544000,28.200900614310058,12.184229112352446,5,hybrid,30,0,0,14,0,0,0,5,5,5,TRUE
2026-03-20,cell_2000m_1589_831,1589,831,3178000,1662000,3180000,1664000,32.94768947184552,13.14771687260742,7,hybrid,30,0,0,14,0,0,0,7,7,7,TRUE
2026-03-20,cell_2000m_1846_1484,1846,1484,3692000,2968000,3694000,2970000,38.27487172680891,23.94690804499162,4,hybrid,30,0.5,0.5,14,0,0,0.5,3.5,3.5,4,TRUE
2026-03-20,cell_2000m_2262_1519,2262,1519,4524000,3038000,4526000,3040000,46.89785934573797,24.547345435404647,5,hybrid,30,0,0,14,0,0,0,5,5,5,TRUE
2026-03-20,cell_2000m_2278_1861,2278,1861,4556000,3722000,4558000,3724000,47.22951271569678,30.58092057036827,6,hybrid,30,1,1,14,0.5,0.5,1,5,3.3724537973829762,5.5,TRUE
2026-03-20,cell_2000m_2295_1774,2295,1774,4590000,3548000,4592000,3550000,47.581894421278015,29.01433808545905,10,hybrid,30,0,0,14,0,0,0,10,10,10,TRUE
2026-03-20,cell_2000m_2299_1774,2299,1774,4598000,3548000,4600000,3550000,47.66480776376771,29.01433808545905,6,hybrid,30,0,0,14,0.5,0.5,0.5,5.5,6,5.5,TRUE
2026-03-20,cell_2000m_2302_1767,2302,1767,4604000,3534000,4606000,3536000,47.72699277063499,28.889316988607032,7,hybrid,30,0,0,14,0,0,0,7,7,7,TRUE
2026-03-20,cell_2000m_2303_1774,2303,1774,4606000,3548000,4608000,3550000,47.747721106257416,29.01433808545905,6,hybrid,30,0,0,14,0,0,0,6,6,6,TRUE
2026-03-20,cell_2000m_2303_1819,2303,1819,4606000,3638000,4608000,3640000,47.747721106257416,29.821637241049174,12,hybrid,30,0,0,14,0,0,0,12,12,12,TRUE
2026-03-20,cell_2000m_2305_1821,2305,1821,4610000,3642000,4612000,3644000,47.789177777502275,29.857664345966338,14,hybrid,30,0,0,14,0,0,0,14,14,14,TRUE
2026-03-20,cell_2000m_2305_1822,2305,1822,4610000,3644000,4612000,3646000,47.789177777502275,29.875682676537764,5,hybrid,30,0,0,14,0,0,0,5,5,5,TRUE
2026-03-20,cell_2000m_2311_1823,2311,1823,4622000,3646000,4624000,3648000,47.91354779123682,29.893704197147905,8,hybrid,30,0,0,14,0,0,0,8,8,8,TRUE
2026-03-20,cell_2000m_2313_1770,2313,1770,4626000,3540000,4628000,3542000,47.955004462481675,28.94287936195512,4,hybrid,30,0,0,14,0,0,0,4,4,4,TRUE
2026-03-20,cell_2000m_2320_1560,2320,1560,4640000,3120000,4642000,3122000,48.10010281183866,25.25431373909326,13,hybrid,30,0,0,14,0,0,0,13,13,13,TRUE
2026-03-20,cell_2000m_2322_1776,2322,1776,4644000,3552000,4646000,3554000,48.141559483083505,29.050085602725904,8,hybrid,30,0.5,0.5,14,0,0,0.5,7.5,7.5,8,TRUE
2026-03-20,cell_2000m_2328_1870,2328,1870,4656000,3740000,4658000,3742000,48.26592949681806,30.744379058676085,8,hybrid,30,0,0,14,0,0,0,8,8,8,TRUE
2026-03-20,cell_2000m_2328_1871,2328,1871,4656000,3742000,4658000,3744000,48.26592949681806,30.762557874297382,12,hybrid,30,0,0,14,0,0,0,12,12,12,TRUE
2026-03-20,cell_2000m_2329_1871,2329,1871,4658000,3742000,4660000,3744000,48.28665783244049,30.762557874297382,12,hybrid,30,2,1,14,1,1,2,10,6.7449075947659525,7.4193983542425475,TRUE
2026-03-20,cell_2000m_2345_1706,2345,1706,4690000,3412000,4692000,3414000,48.6183112023993,27.805961380646906,6,hybrid,30,1,1,14,0,0,1,5,3.3724537973829762,6,TRUE
2026-03-20,cell_2000m_2356_1880,2356,1880,4712000,3760000,4714000,3762000,48.84632289424598,30.926319121500175,7,hybrid,30,2,0,14,1,1,2,5,5,4.046944556859572,TRUE
2026-03-20,cell_2000m_2367_1487,2367,1487,4734000,2974000,4736000,2976000,49.07433458609266,23.99826609039326,4,hybrid,30,0,0,14,0,0,0,4,4,4,TRUE
2026-03-20,cell_2000m_2372_1857,2372,1857,4744000,3714000,4746000,3716000,49.17797626420479,30.50835906693413,4,hybrid,30,0,0,14,0,0,0,4,4,4,TRUE
2026-03-20,cell_2000m_2388_1587,2388,1587,4776000,3174000,4778000,3176000,49.509629634163595,25.72207781610903,4,hybrid,30,0,0,14,0,0,0,4,4,4,TRUE
2026-03-20,cell_2000m_2391_1664,2391,1664,4782000,3328000,4784000,3330000,49.57181464103087,27.066174931196954,4,hybrid,30,0,0,14,0,0,0,4,4,4,TRUE
2026-03-20,cell_2000m_2397_1745,2397,1745,4794000,3490000,4796000,3492000,49.696184654765425,28.497347083995972,4,hybrid,30,0,0,14,0,0,0,4,4,4,TRUE
2026-03-20,cell_2000m_2400_1872,2400,1872,4800000,3744000,4802000,3746000,49.758369661632706,30.780740055720653,4,hybrid,30,1,0.5,14,0,0,1,3,3,4,TRUE
2026-03-20,cell_2000m_2427_1785,2427,1785,4854000,3570000,4856000,3572000,50.318034723438195,29.21110002615679,9,hybrid,30,1,1,14,0.5,0.5,1,8,5.395926075812762,8.5,TRUE
2026-03-20,cell_2000m_2447_1846,2447,1846,4894000,3692000,4896000,3694000,50.7326014358867,30.309087677592775,7,hybrid,30,1,1,14,1,1,1,6,4.046944556859572,4.046944556859572,TRUE
2026-03-20,cell_2000m_2497_2124,2497,2124,4994000,4248000,4996000,4250000,51.76901821700798,35.48085557000205,4,hybrid,30,0,0,14,0,0,0,4,4,4,TRUE
2026-03-20,cell_2000m_2508_1718,2508,1718,5016000,3436000,5018000,3438000,51.99702990885467,28.018231111486593,4,hybrid,30,0,0,14,0,0,0,4,4,4,TRUE
2026-03-21,cell_2000m_1210_859,1210,859,2420000,1718000,2422000,1720000,25.091650270946214,13.598592787353008,4,hybrid,30,0,0,14,0,0,0,4,4,4,TRUE
2026-03-21,cell_2000m_1210_860,1210,860,2420000,1720000,2422000,1722000,25.091650270946214,13.61471080903517,7,hybrid,30,0,0,14,0,0,0,7,7,7,TRUE
2026-03-21,cell_2000m_1237_821,1237,821,2474000,1642000,2476000,1644000,25.651315332751707,12.98688680294277,5,hybrid,30,0,0,14,0,0,0,5,5,5,TRUE
2026-03-21,cell_2000m_1442_812,1442,812,2884000,1624000,2886000,1626000,29.90062413534896,12.842226482624689,4,hybrid,30,0,0,14,0,0,0,4,4,4,TRUE
2026-03-21,cell_2000m_1581_1601,1581,1601,3162000,3202000,3164000,3204000,32.78186278686612,25.965330122584398,6,hybrid,30,0,0,14,0,0,0,6,6,6,TRUE
2026-03-21,cell_2000m_1639_877,1639,877,3278000,1754000,3280000,1756000,33.984106252966804,13.888882153381674,5,hybrid,30,0,0,14,0,0,0,5,5,5,TRUE
2026-03-21,cell_2000m_1846_1484,1846,1484,3692000,2968000,3694000,2970000,38.27487172680891,23.94690804499162,4,hybrid,30,0.5,0.5,14,0,0,0.5,3.5,3.5,4,TRUE
2026-03-21,cell_2000m_2154_1560,2154,1560,4308000,3120000,4310000,3122000,44.659199098516,25.25431373909326,4,hybrid,30,0,0,14,0,0,0,4,4,4,TRUE
2026-03-21,cell_2000m_2168_1531,2168,1531,4336000,3062000,4338000,3064000,44.94939579722996,24.75385432497012,4,hybrid,30,0,0,14,0,0,0,4,4,4,TRUE
2026-03-21,cell_2000m_2296_1855,2296,1855,4592000,3710000,4594000,3712000,47.602622756900445,30.472098216464463,6,hybrid,30,1,1,14,1,1,1,5,3.3724537973829762,3.3724537973829762,TRUE
2026-03-21,cell_2000m_2303_1819,2303,1819,4606000,3638000,4608000,3640000,47.747721106257416,29.821637241049174,4,hybrid,30,0,0,14,0,0,0,4,4,4,TRUE
2026-03-21,cell_2000m_2305_1821,2305,1821,4610000,3642000,4612000,3644000,47.789177777502275,29.857664345966338,4,hybrid,30,0,0,14,0,0,0,4,4,4,TRUE
2026-03-21,cell_2000m_2329_1870,2329,1870,4658000,3740000,4660000,3742000,48.28665783244049,30.744379058676085,15,hybrid,30,4.5,1.5,14,4,2,4.5,10.5,4.721435316336167,3.7096991771212737,TRUE
2026-03-21,cell_2000m_2329_1871,2329,1871,4658000,3742000,4660000,3744000,48.28665783244049,30.762557874297382,8,hybrid,30,2,1,14,1,1,2,6,4.046944556859572,4.721435316336167,TRUE
2026-03-21,cell_2000m_2353_1921,2353,1921,4706000,3842000,4708000,3844000,48.7841378873787,31.67586842737785,4,hybrid,30,0,0,14,0,0,0,4,4,4,TRUE
2026-03-21,cell_2000m_2372_1691,2372,1691,4744000,3382000,4746000,3384000,49.17797626420479,27.541193508064147,5,hybrid,30,0,0,14,0,0,0,5,5,5,TRUE
2026-03-21,cell_2000m_2373_1691,2373,1691,4746000,3382000,4748000,3384000,49.19870459982722,27.541193508064147,4,hybrid,30,0,0,14,0,0,0,4,4,4,TRUE
2026-03-21,cell_2000m_2382_1544,2382,1544,4764000,3088000,4766000,3090000,49.385259620429046,24.977951764832774,5,hybrid,30,0,0,14,0,0,0,5,5,5,TRUE
2026-03-21,cell_2000m_2391_1664,2391,1664,4782000,3328000,4784000,3330000,49.57181464103087,27.066174931196954,17,hybrid,30,0,0,14,0,0,0,17,17,17,TRUE
2026-03-21,cell_2000m_2396_1878,2396,1878,4792000,3756000,4794000,3758000,49.675456319143,30.889904033875688,6,hybrid,30,1,1,14,1,1,1,5,3.3724537973829762,3.3724537973829762,TRUE
2026-03-21,cell_2000m_2416_1642,2416,1642,4832000,3284000,4834000,3286000,50.090023031591514,26.680575600842772,4,hybrid,30,0,0,14,0,0,0,4,4,4,TRUE
2026-03-21,cell_2000m_2418_1573,2418,1573,4836000,3146000,4838000,3148000,50.131479702836366,25.479311230823306,5,hybrid,30,0,0,14,0,0,0,5,5,5,TRUE
2026-03-21,cell_2000m_2418_1574,2418,1574,4836000,3148000,4838000,3150000,50.131479702836366,25.496635747221394,5,hybrid,30,0,0,14,0,0,0,5,5,5,TRUE
2026-03-21,cell_2000m_2426_1785,2426,1785,4852000,3570000,4854000,3572000,50.29730638781577,29.21110002615679,4,hybrid,30,0,0,14,0,0,0,4,4,4,TRUE
2026-03-21,cell_2000m_2427_1785,2427,1785,4854000,3570000,4856000,3572000,50.318034723438195,29.21110002615679,17,hybrid,30,1,1,14,0,0,1,16,10.791852151625523,17,TRUE
2026-03-21,cell_2000m_2487_1541,2487,1541,4974000,3082000,4976000,3084000,51.56173486078373,24.926201667464756,11,hybrid,30,1,1,14,0,0,1,10,6.7449075947659525,11,TRUE
2026-03-21,cell_2000m_2516_1701,2516,1701,5032000,3402000,5034000,3404000,52.16285659383408,27.7176355670726,6,hybrid,30,1,1,14,0,0,1,5,3.3724537973829762,6,TRUE
2026-03-21,cell_2000m_2518_1713,2518,1713,5036000,3426000,5038000,3428000,52.20431326507892,27.92973580434469,6,hybrid,30,1,1,14,0,0,1,5,3.3724537973829762,6,TRUE
2026-03-21,cell_2000m_2519_1699,2519,1699,5038000,3398000,5040000,3400000,52.22504160070135,27.682324857261538,7,hybrid,30,2,1,14,1,1,2,5,3.3724537973829762,4.046944556859572,TRUE
2026-03-21,cell_2000m_2535_1692,2535,1692,5070000,3384000,5072000,3386000,52.55669497066016,27.55882520266557,7,hybrid,30,1,0.5,14,0,0,1,6,6,7,TRUE
2026-03-21,cell_2000m_2538_1816,2538,1816,5076000,3632000,5078000,3634000,52.61887997752744,29.767620422263338,5,hybrid,30,0,0,14,0,0,0,5,5,5,TRUE
2026-03-21,cell_2000m_2563_1576,2563,1576,5126000,3152000,5128000,3154000,53.13708836808808,25.531292114605645,12,hybrid,30,1,1,14,0.5,0.5,1,11,7.4193983542425475,11.5,TRUE
2026-03-21,cell_2000m_2613_1447,2613,1447,5226000,2894000,5228000,2896000,54.17350514920936,23.31511517661646,7,hybrid,30,1,1,14,0,0,1,6,4.046944556859572,7,TRUE
2026-03-22,cell_2000m_1307_1871,1307,1871,2614000,3742000,2616000,3744000,27.1022988263215,30.762557874297382,7,hybrid,30,2,1,14,1,1,2,5,3.3724537973829762,4.046944556859572,TRUE
2026-03-22,cell_2000m_1674_881,1674,881,3348000,1762000,3350000,1764000,34.7095979997517,13.953438798170957,4,hybrid,30,0,0,14,0,0,0,4,4,4,TRUE
